0,1
0.0,1158
0.006,1151
0.023,1151
0.035,1155
0.051,1148
0.064,1146
0.08,1136
0.092,1148
0.109,1152
0.121,1157
0.137,1160
0.15,1161
0.166,1147
0.178,1144
0.195,1156
0.207,1146
0.223,1148
0.236,1136
0.252,1143
0.269,1142
0.281,1146
0.297,1147
0.309,1152
0.326,1164
0.338,1158
0.355,1155
0.367,1169
0.383,1165
0.395,1174
0.412,1167
0.424,1175
0.44,1169
0.453,1157
0.469,1173
0.481,1186
0.498,1175
0.51,1189
0.526,1184
0.539,1188
0.555,1185
0.567,1182
0.584,1182
0.596,1186
0.612,1184
0.625,1176
0.641,1177
0.658,1172
0.67,1168
0.686,1168
0.698,1154
0.715,1165
0.727,1168
0.743,1164
0.756,1167
0.772,1159
0.784,1151
0.801,1151
0.813,1145
0.83,1160
0.842,1151
0.858,1165
0.87,1154
0.887,1161
0.899,1155
0.916,1159
0.928,1156
0.944,1149
0.956,1148
0.973,1156
0.988,1166
1.001,1162
1.014,1166
1.03,1167
1.042,1164
1.059,1170
1.071,1175
1.087,1179
1.1,1172
1.116,1176
1.128,1176
1.145,1176
1.157,1172
1.174,1191
1.19,1171
1.202,1182
1.219,1186
1.231,1172
1.247,1182
1.26,1178
1.276,1194
1.288,1179
1.305,1186
1.317,1173
1.333,1177
1.346,1168
1.362,1180
1.374,1169
1.391,1164
1.403,1161
1.419,1143
1.432,1155
1.448,1159
1.46,1160
1.477,1159
1.489,1159
1.505,1154
1.518,1162
1.534,1160
1.546,1160
1.563,1166
1.575,1174
1.591,1170
1.608,1176
1.62,1181
1.636,1173
1.649,1179
1.665,1184
1.677,1174
1.694,1182
1.706,1180
1.722,1191
1.735,1179
1.751,1183
1.763,1172
1.78,1181
1.792,1171
1.808,1166
1.821,1167
1.837,1160
1.849,1178
1.866,1166
1.878,1168
1.894,1168
1.907,1159
1.923,1172
1.935,1173
1.952,1175
1.968,1179
1.98,1176
1.997,1183
2.009,1181
2.026,1188
2.038,1185
2.054,1180
2.066,1187
2.083,1173
2.095,1191
2.112,1182
2.124,1183
2.14,1186
2.153,1194
2.169,1186
2.181,1201
2.198,1195
2.21,1190
2.226,1193
2.243,1196
2.255,1195
2.271,1193
2.284,1194
2.3,1190
2.312,1189
2.329,1186
2.341,1182
2.357,1173
2.37,1178
2.386,1190
2.398,1185
2.415,1181
2.427,1185
2.446,1182
2.456,1184
2.472,1184
2.484,1185
2.501,1185
2.513,1182
2.529,1184
2.546,1188
2.558,1196
2.574,1178
2.587,1184
2.603,1190
2.615,1195
2.632,1204
2.644,1189
2.66,1190
2.673,1200
2.689,1188
2.701,1189
2.718,1196
2.73,1192
2.746,1174
2.759,1188
2.775,1176
2.787,1172
2.804,1169
2.82,1169
2.832,1182
2.849,1183
2.861,1182
2.877,1161
2.89,1164
2.906,1153
2.918,1147
2.935,1143
2.947,1158
2.964,1144
2.976,1159
2.992,1158
3.004,1153
3.021,1153
3.033,1157
3.05,1158
3.062,1168
3.078,1175
3.09,1169
3.107,1168
3.119,1161
3.135,1182
3.148,1185
3.164,1170
3.176,1165
3.193,1171
3.205,1169
3.222,1167
3.234,1166
3.25,1158
3.262,1159
3.279,1157
3.291,1157
3.307,1161
3.324,1165
3.336,1158
3.353,1117
3.365,1115
3.381,1115
3.393,1109
3.406,1131
3.422,1125
3.434,1112
3.451,1106
3.463,1102
3.48,1103
3.492,1100
3.508,1105
3.52,1102
3.537,1096
3.549,1096
3.566,1105
3.578,1097
3.594,1091
3.606,1111
3.623,1101
3.635,1103
3.652,1101
3.664,1117
3.68,1118
3.692,1120
3.709,1105
3.721,1121
3.737,1122
3.75,1125
3.766,1117
3.778,1133
3.795,1122
3.807,1124
3.824,1124
3.836,1134
3.852,1137
3.864,1136
3.881,1139
3.893,1138
3.91,1140
3.922,1127
3.938,1135
3.951,1133
3.967,1132
3.979,1129
3.996,1141
4.008,1130
4.024,1122
4.036,1135
4.053,1128
4.065,1132
4.082,1129
4.094,1122
4.11,1129
4.122,1117
4.139,1126
4.151,1115
4.168,1108
4.18,1113
4.196,1112
4.209,1097
4.225,1089
4.237,1098
4.25,1096
4.266,1120
4.278,1105
4.295,1104
4.307,1113
4.323,1129
4.336,1116
4.352,1120
4.364,1135
4.381,1130
4.393,1129
4.409,1129
4.422,1136
4.438,1127
4.45,1141
4.467,1143
4.479,1147
4.495,1140
4.507,1151
4.524,1143
4.536,1151
4.553,1143
4.565,1137
4.581,1151
4.594,1153
4.61,1148
4.622,1146
4.639,1140
4.651,1142
4.667,1150
4.68,1149
4.696,1141
4.708,1137
4.725,1133
4.737,1144
4.753,1145
4.77,1144
4.782,1150
4.798,1142
4.811,1146
4.827,1138
4.839,1121
4.856,1137
4.868,1136
4.884,1138
4.897,1130
4.913,1139
4.925,1131
4.942,1141
4.954,1141
4.97,1133
4.983,1127
4.999,1134
5.011,1132
5.028,1131
5.04,1127
5.056,1131
5.069,1140
5.085,1127
5.097,1132
5.11,1127
5.126,1120
5.138,1127
5.155,1126
5.167,1126
5.183,1126
5.196,1142
5.212,1127
5.224,1136
5.241,1149
5.253,1147
5.269,1132
5.282,1131
5.298,1138
5.31,1138
5.327,1146
5.339,1143
5.355,1136
5.368,1134
5.384,1129
5.396,1130
5.413,1127
5.425,1120
5.441,1126
5.454,1123
5.47,1117
5.482,1121
5.499,1127
5.511,1120
5.527,1121
5.54,1125
5.556,1120
5.568,1118
5.585,1116
5.597,1109
5.613,1108
5.626,1102
5.642,1098
5.654,1097
5.671,1090
5.683,1085
5.699,1076
5.712,1075
5.728,1077
5.74,1079
5.757,1090
5.769,1100
5.785,1080
5.798,1078
5.814,1074
5.826,1087
5.839,1073
5.855,1093
5.867,1099
5.884,1102
5.896,1094
5.912,1089
5.925,1096
5.941,1082
5.953,1074
5.97,1057
5.982,1057
5.998,1054
6.011,1071
6.027,1057
6.039,1057
6.056,1048
6.068,1061
6.08,1067
6.097,1055
6.109,1041
6.125,1034
6.138,1045
6.154,1052
6.166,1047
6.183,1050
6.195,1050
6.211,1052
6.224,1054
6.236,1049
6.252,1060
6.265,1060
6.281,1061
6.293,1057
6.31,1059
6.322,1049
6.338,1053
6.351,1057
6.367,1049
6.379,1070
6.396,1078
6.408,1077
6.424,1076
6.437,1076
6.449,1086
6.465,1076
6.478,1085
6.494,1091
6.506,1088
6.523,1102
6.535,1094
6.551,1101
6.564,1112
6.58,1100
6.592,1098
6.609,1091
6.621,1104
6.637,1107
6.65,1113
6.666,1107
6.678,1112
6.695,1100
6.707,1101
6.723,1101
6.736,1106
6.752,1105
6.764,1099
6.781,1097
6.793,1088
6.805,1099
6.824,1099
6.834,1100
6.85,1101
6.863,1101
6.879,1101
6.891,1099
6.908,1100
6.92,1090
6.936,1093
6.949,1099
6.965,1108
6.977,1092
6.994,1099
7.006,1101
7.022,1089
7.035,1090
7.051,1084
7.063,1088
7.08,1097
7.092,1098
7.108,1099
7.121,1100
7.137,1100
7.149,1098
7.166,1097
7.178,1099
7.19,1094
7.207,1099
7.219,1090
7.235,1097
7.248,1097
7.264,1095
7.276,1117
7.293,1108
7.305,1091
7.321,1107
7.334,1098
7.35,1106
7.362,1097
7.379,1102
7.391,1092
7.407,1093
7.42,1099
7.436,1091
7.448,1087
7.465,1086
7.477,1083
7.493,1085
7.506,1076
7.522,1067
7.534,1072
7.547,1075
7.563,1085
7.575,1071
7.592,1081
7.604,1076
7.62,1080
7.633,1086
7.649,1081
7.661,1081
7.678,1087
7.69,1090
7.706,1084
7.719,1084
7.735,1089
7.747,1085
7.764,1089
7.776,1104
7.792,1101
7.805,1107
7.821,1108
7.833,1105
7.846,1113
7.862,1111
7.874,1109
7.891,1119
7.903,1123
7.919,1112
7.932,1110
7.948,1119
7.96,1120
7.977,1114
7.989,1132
8.005,1124
8.018,1124
8.034,1126
8.046,1128
8.063,1135
8.075,1134
8.091,1139
8.104,1134
8.12,1139
8.132,1136
8.149,1142
8.161,1137
8.177,1137
8.19,1123
8.206,1122
8.218,1121
8.235,1126
8.247,1123
8.263,1131
8.276,1119
8.292,1116
8.304,1117
8.321,1115
8.333,1105
8.349,1111
8.362,1115
8.378,1118
8.39,1110
8.407,1106
8.419,1121
8.435,1111
8.448,1117
8.464,1108
8.476,1107
8.493,1116
8.505,1110
8.521,1106
8.534,1109
8.55,1109
8.562,1115
8.579,1113
8.591,1119
8.607,1113
8.62,1113
8.636,1121
8.648,1127
8.665,1137
8.677,1126
8.693,1138
8.706,1121
8.722,1119
8.734,1120
8.751,1126
8.763,1119
8.78,1122
8.792,1120
8.808,1111
8.82,1118
8.833,1116
8.849,1114
8.861,1106
8.878,1104
8.89,1111
8.906,1113
8.919,1117
8.935,1111
8.947,1110
8.964,1112
8.976,1109
8.992,1101
9.005,1108
9.021,1101
9.033,1092
9.05,1122
9.062,1108
9.078,1117
9.091,1111
9.107,1117
9.119,1109
9.136,1110
9.148,1117
9.165,1121
9.177,1107
9.193,1117
9.205,1119
9.222,1114
9.234,1119
9.251,1118
9.263,1128
9.279,1128
9.291,1125
9.308,1118
9.32,1119
9.337,1116
9.349,1127
9.365,1127
9.377,1128
9.394,1125
9.406,1134
9.423,1133
9.435,1140
9.451,1138
9.463,1138
9.48,1147
9.492,1146
9.509,1139
9.521,1139
9.537,1146
9.55,1139
9.566,1138
9.578,1138
9.595,1134
9.607,1119
9.623,1115
9.635,1132
9.652,1125
9.664,1132
9.681,1113
9.693,1114
9.709,1110
9.722,1110
9.738,1103
9.752,1110
9.767,1101
9.779,1100
9.791,1106
9.807,1097
9.82,1110
9.836,1099
9.848,1104
9.865,1110
9.877,1102
9.894,1105
9.906,1113
9.922,1099
9.935,1109
9.951,1111
9.963,1112
9.98,1109
9.992,1107
10.008,1112
10.02,1101
10.037,1110
10.049,1100
10.066,1118
10.078,1107
10.094,1114
10.107,1111
10.123,1126
10.135,1121
10.152,1117
10.164,1117
10.18,1126
10.193,1120
10.209,1113
10.221,1120
10.238,1122
10.25,1121
10.266,1119
10.279,1128
10.295,1128
10.307,1131
10.324,1121
10.336,1119
10.352,1133
10.365,1119
10.381,1115
10.393,1121
10.41,1113
10.422,1115
10.438,1117
10.451,1128
10.467,1132
10.479,1138
10.496,1135
10.508,1132
10.524,1130
10.536,1140
10.553,1138
10.565,1137
10.582,1133
10.594,1139
10.61,1142
10.623,1152
10.639,1142
10.651,1148
10.668,1139
10.68,1138
10.696,1146
10.709,1147
10.725,1153
10.737,1150
10.754,1145
10.766,1131
10.782,1134
10.795,1140
10.811,1138
10.823,1136
10.84,1138
10.852,1139
10.868,1130
10.881,1141
10.897,1140
10.909,1144
10.926,1149
10.938,1141
10.954,1155
10.967,1148
10.983,1139
10.995,1152
11.012,1152
11.024,1135
11.04,1144
11.053,1144
11.069,1137
11.081,1138
11.098,1143
11.11,1136
11.126,1133
11.139,1132
11.155,1138
11.167,1133
11.184,1130
11.196,1143
11.212,1149
11.225,1139
11.241,1141
11.253,1141
11.27,1145
11.282,1131
11.299,1127
11.311,1143
11.327,1142
11.339,1135
11.356,1147
11.368,1135
11.384,1151
11.397,1146
11.413,1155
11.425,1149
11.442,1151
11.454,1144
11.47,1143
11.483,1139
11.499,1147
11.511,1150
11.528,1141
11.54,1138
11.556,1154
11.569,1155
11.585,1159
11.597,1154
11.614,1141
11.626,1155
11.642,1159
11.655,1165
11.671,1158
11.683,1150
11.7,1155
11.712,1140
11.729,1147
11.741,1142
11.757,1122
11.769,1138
11.786,1127
11.798,1126
11.814,1127
11.827,1120
11.843,1114
11.855,1116
11.872,1109
11.884,1114
11.9,1119
11.913,1105
11.929,1108
11.941,1119
11.958,1106
11.97,1122
11.987,1115
11.999,1119
12.015,1118
12.027,1135
12.044,1125
12.056,1117
12.072,1121
12.085,1126
12.101,1131
12.113,1116
12.13,1121
12.142,1126
12.159,1117
12.171,1127
12.187,1126
12.199,1142
12.216,1126
12.228,1133
12.245,1134
12.257,1132
12.273,1136
12.285,1137
12.302,1135
12.314,1145
12.331,1140
12.343,1136
12.359,1134
12.371,1130
12.388,1132
12.4,1122
12.417,1127
12.429,1124
12.445,1122
12.457,1115
12.474,1110
12.486,1116
12.503,1110
12.515,1118
12.531,1110
12.543,1118
12.56,1117
12.572,1117
12.589,1125
12.601,1109
12.613,1119
12.63,1124
12.642,1138
12.658,1129
12.674,1131
12.687,1126
12.699,1126
12.716,1127
12.728,1121
12.744,1138
12.757,1123
12.773,1125
12.785,1126
12.802,1137
12.814,1130
12.83,1138
12.842,1126
12.859,1139
12.871,1131
12.887,1126
12.9,1134
12.916,1139
12.928,1123
12.945,1126
12.957,1127
12.974,1122
12.986,1123
13.002,1116
13.015,1126
13.031,1119
13.043,1115
13.06,1124
13.072,1126
13.088,1120
13.101,1129
13.117,1130
13.129,1126
13.146,1126
13.158,1119
13.174,1111
13.187,1117
13.203,1111
13.215,1110
13.232,1114
13.244,1107
13.26,1109
13.272,1093
13.289,1107
13.301,1110
13.318,1107
13.33,1106
13.346,1106
13.359,1113
13.375,1109
13.387,1112
13.404,1119
13.416,1112
13.432,1121
13.445,1114
13.461,1114
13.473,1113
13.49,1112
13.502,1112
13.518,1105
13.531,1098
13.547,1113
13.559,1089
13.572,1111
13.588,1103
13.6,1111
13.617,1107
13.629,1113
13.645,1100
13.658,1101
13.674,1113
13.686,1103
13.703,1108
13.715,1101
13.731,1109
13.744,1110
13.76,1103
13.772,1106
13.789,1097
13.801,1103
13.817,1110
13.83,1097
13.846,1107
13.858,1108
13.875,1105
13.887,1099
13.903,1109
13.916,1113
13.932,1099
13.944,1101
13.961,1109
13.973,1115
13.989,1124
14.002,1115
14.018,1108
14.03,1112
14.047,1110
14.059,1114
14.071,1121
14.088,1108
14.1,1108
14.116,1110
14.13,1106
14.145,1119
14.157,1113
14.174,1110
14.186,1130
14.202,1122
14.215,1119
14.231,1124
14.243,1129
14.26,1135
14.272,1135
14.288,1138
14.301,1135
14.317,1131
14.329,1144
14.346,1145
14.358,1139
14.374,1136
14.387,1145
14.403,1138
14.415,1135
14.432,1132
14.444,1135
14.46,1128
14.473,1128
14.489,1118
14.501,1109
14.518,1113
14.53,1110
14.546,1103
14.559,1102
14.575,1101
14.587,1100
14.604,1105
14.616,1089
14.632,1098
14.645,1095
14.661,1094
14.673,1094
14.69,1101
14.702,1108
14.718,1097
14.731,1110
14.747,1107
14.759,1105
14.776,1113
14.788,1112
14.804,1121
14.817,1112
14.833,1122
14.845,1124
14.862,1121
14.874,1117
14.89,1136
14.903,1144
14.919,1138
14.931,1134
14.948,1139
14.96,1132
14.976,1139
14.989,1131
15.005,1131
15.017,1124
15.03,1126
15.046,1134
15.062,1136
15.075,1126
15.087,1136
15.103,1127
15.116,1130
15.132,1110
15.144,1115
15.161,1120
15.173,1123
15.189,1120
15.202,1112
15.218,1107
15.23,1114
15.247,1100
15.259,1103
15.275,1105
15.288,1094
15.304,1089
15.316,1096
15.333,1092
15.345,1088
15.361,1089
15.374,1084
15.39,1098
15.402,1088
15.419,1095
15.431,1090
15.447,1096
15.46,1088
15.476,1100
15.488,1102
15.505,1104
15.517,1090
15.529,1099
15.546,1101
15.558,1101
15.574,1095
15.587,1104
15.603,1099
15.615,1112
15.632,1110
15.644,1115
15.66,1121
15.673,1104
15.689,1118
15.701,1108
15.718,1117
15.73,1113
15.746,1110
15.759,1101
15.775,1106
15.787,1106
15.804,1111
15.816,1097
15.833,1099
15.845,1090
15.861,1088
15.873,1098
15.89,1089
15.902,1096
15.919,1085
15.931,1088
15.947,1096
15.959,1090
15.972,1091
15.988,1094
16.0,1090
16.017,1078
16.029,1093
16.045,1082
16.058,1078
16.074,1073
16.086,1094
16.103,1100
16.115,1093
16.131,1098
16.144,1100
16.16,1100
16.172,1087
16.189,1093
16.201,1092
16.218,1097
16.23,1099
16.246,1102
16.258,1103
16.275,1090
16.287,1093
16.299,1088
16.316,1088
16.328,1087
16.344,1084
16.357,1095
16.373,1085
16.385,1080
16.402,1079
16.414,1082
16.43,1074
16.443,1071
16.459,1072
16.471,1069
16.488,1060
16.5,1055
16.517,1039
16.529,1044
16.541,1026
16.557,1022
16.57,1020
16.586,1021
16.598,1015
16.615,1009
16.627,1017
16.643,1022
16.656,1021
16.668,1028
16.684,1021
16.697,1012
16.713,1012
16.725,1016
16.742,1008
16.754,1014
16.766,1020
16.783,1028
16.795,1027
16.811,1033
16.824,1041
16.84,1032
16.852,1038
16.869,1027
16.881,1034
16.897,1020
16.91,1039
16.922,1045
16.938,1050
16.951,1042
16.967,1048
16.979,1039
16.996,1042
17.008,1049
17.024,1055
17.039,1054
17.053,1046
17.065,1057
17.078,1053
17.094,1056
17.106,1047
17.123,1044
17.135,1045
17.151,1022
17.164,1036
17.18,1036
17.192,1044
17.209,1043
17.221,1043
17.233,1043
17.25,1042
17.262,1039
17.278,1033
17.29,1029
17.307,1034
17.319,1034
17.336,1039
17.348,1044
17.364,1044
17.377,1050
17.389,1054
17.405,1057
17.417,1049
17.434,1055
17.446,1057
17.463,1060
17.475,1043
17.491,1046
17.503,1044
17.52,1036
17.532,1042
17.544,1050
17.561,1048
17.573,1050
17.59,1050
17.602,1060
17.618,1063
17.631,1059
17.647,1061
17.659,1063
17.676,1060
17.688,1064
17.704,1054
17.717,1054
17.729,1061
17.745,1056
17.757,1051
17.774,1042
17.786,1030
17.803,1023
17.815,1019
17.831,1027
17.844,1011
17.856,1007
17.872,998
17.884,1028
17.901,1021
17.913,1017
17.93,1028
17.942,1032
17.958,1044
17.97,1045
17.983,1057
17.999,1057
18.011,1060
18.028,1062
18.04,1075
18.057,1065
18.069,1073
18.085,1072
18.097,1078
18.114,1094
18.126,1091
18.142,1092
18.155,1096
18.171,1087
18.183,1094
18.2,1086
18.212,1085
18.229,1092
18.241,1096
18.253,1098
18.269,1092
18.282,1088
18.298,1095
18.31,1090
18.327,1091
18.339,1095
18.356,1098
18.368,1103
18.384,1100
18.396,1112
18.413,1111
18.425,1102
18.441,1103
18.454,1094
18.47,1098
18.484,1094
18.499,1101
18.511,1105
18.528,1099
18.54,1100
18.556,1105
18.568,1103
18.585,1119
18.597,1108
18.614,1113
18.626,1104
18.642,1105
18.654,1118
18.667,1111
18.683,1106
18.695,1096
18.712,1112
18.724,1104
18.74,1092
18.753,1109
18.769,1102
18.781,1094
18.798,1100
18.81,1099
18.826,1092
18.839,1106
18.855,1094
18.867,1092
18.884,1098
18.896,1089
18.913,1097
18.925,1101
18.941,1104
18.953,1095
18.97,1086
18.982,1105
18.999,1092
19.011,1103
19.027,1098
19.039,1102
19.056,1098
19.068,1109
19.08,1101
19.097,1099
19.109,1106
19.125,1086
19.138,1093
19.154,1086
19.166,1089
19.183,1091
19.195,1075
19.211,1075
19.224,1077
19.24,1081
19.252,1086
19.269,1085
19.281,1081
19.298,1084
19.31,1089
19.326,1089
19.338,1089
19.355,1099
19.367,1089
19.379,1087
19.396,1095
19.408,1098
19.424,1093
19.437,1085
19.453,1095
19.465,1094
19.482,1097
19.494,1095
19.51,1096
19.523,1104
19.539,1090
19.551,1101
19.568,1095
19.58,1104
19.597,1097
19.609,1111
19.625,1102
19.637,1110
19.654,1114
19.666,1106
19.683,1102
19.695,1099
19.711,1109
19.723,1102
19.74,1107
19.752,1107
19.769,1106
19.781,1111
19.793,1115
19.809,1113
19.822,1108
19.838,1095
19.85,1104
19.867,1096
19.879,1105
19.896,1097
19.908,1102
19.924,1107
19.936,1103
19.953,1096
19.965,1102
19.982,1110
19.994,1103
20.01,1116
20.022,1108
20.039,1104
20.051,1104
20.068,1114
20.08,1110
20.096,1107
20.108,1112
20.125,1111
20.137,1108
20.154,1115
20.166,1107
20.182,1115
20.194,1118
20.211,1121
20.223,1127
20.24,1125
20.252,1120
20.268,1118
20.28,1126
20.297,1132
20.309,1134
20.326,1130
20.338,1131
20.354,1143
20.367,1141
20.383,1148
20.395,1139
20.412,1147
20.424,1137
20.44,1139
20.452,1148
20.469,1152
20.481,1139
20.498,1140
20.51,1146
20.526,1152
20.539,1147
20.555,1143
20.567,1143
20.584,1138
20.596,1144
20.612,1142
20.624,1136
20.641,1144
20.653,1142
20.67,1145
20.682,1139
20.698,1135
20.711,1151
20.727,1146
20.739,1143
20.756,1140
20.768,1135
20.784,1138
20.797,1150
20.813,1145
20.825,1142
20.842,1141
20.854,1144
20.87,1143
20.882,1151
20.899,1145
20.911,1154
20.928,1145
20.94,1143
20.956,1134
20.969,1129
20.985,1148
20.997,1139
21.014,1146
21.026,1146
21.042,1137
21.055,1143
21.071,1133
21.083,1133
21.1,1146
21.112,1142
21.128,1129
21.141,1136
21.157,1127
21.169,1131
21.186,1120
21.198,1122
21.214,1123
21.227,1132
21.243,1119
21.255,1123
21.272,1129
21.284,1119
21.301,1116
21.313,1115
21.329,1105
21.341,1104
21.358,1113
21.37,1114
21.386,1111
21.402,1113
21.415,1108
21.427,1104
21.444,1114
21.456,1101
21.472,1108
21.485,1112
21.501,1106
21.513,1104
21.526,1107
21.542,1106
21.554,1104
21.571,1103
21.583,1087
21.599,1089
21.612,1089
21.628,1084
21.64,1090
21.657,1082
21.669,1084
21.685,1090
21.698,1100
21.714,1098
21.726,1099
21.743,1097
21.755,1096
21.771,1105
21.784,1100
21.8,1104
21.812,1096
21.829,1104
21.841,1106
21.857,1104
21.87,1103
21.886,1102
21.898,1102
21.911,1105
21.927,1109
21.939,1107
21.956,1112
21.968,1106
21.984,1100
21.997,1105
22.013,1107
22.025,1102
22.042,1109
22.054,1105
22.07,1103
22.083,1098
22.099,1094
22.111,1095
22.128,1119
22.14,1107
22.156,1104
22.169,1102
22.185,1105
22.197,1097
22.214,1103
22.226,1104
22.242,1109
22.255,1113
22.271,1110
22.283,1108
22.3,1106
22.312,1110
22.328,1110
22.341,1104
22.357,1115
22.369,1106
22.382,1103
22.398,1110
22.41,1109
22.427,1109
22.439,1119
22.455,1116
22.468,1105
22.484,1112
22.496,1104
22.513,1110
22.525,1106
22.541,1126
22.554,1119
22.57,1120
22.582,1123
22.599,1112
22.611,1115
22.627,1117
22.64,1111
22.656,1107
22.668,1118
22.685,1112
22.697,1113
22.713,1116
22.726,1120
22.742,1112
22.754,1116
22.771,1113
22.783,1111
22.799,1117
22.812,1105
22.828,1107
22.84,1101
22.857,1103
22.869,1094
22.885,1096
22.898,1111
22.914,1091
22.926,1102
22.943,1102
22.955,1097
22.967,1112
22.984,1106
22.996,1102
23.012,1102
23.025,1103
23.041,1110
23.053,1110
23.07,1106
23.082,1105
23.098,1110
23.111,1109
23.127,1112
23.139,1110
23.156,1117
23.168,1118
23.184,1112
23.197,1113
23.213,1115
23.225,1125
23.242,1123
23.254,1118
23.27,1103
23.283,1108
23.299,1116
23.311,1113
23.328,1112
23.34,1119
23.356,1106
23.369,1108
23.385,1114
23.397,1115
23.414,1107
23.426,1115
23.442,1115
23.455,1098
23.471,1098
23.483,1096
23.5,1101
23.512,1103
23.524,1098
23.541,1094
23.553,1100
23.569,1100
23.582,1097
23.598,1088
23.61,1089
23.627,1086
23.639,1097
23.655,1091
23.668,1102
23.684,1082
23.696,1088
23.713,1088
23.725,1094
23.741,1080
23.754,1098
23.77,1087
23.782,1088
23.799,1084
23.811,1088
23.827,1086
23.84,1084
23.852,1093
23.868,1101
23.881,1101
23.897,1094
23.909,1102
23.926,1100
23.938,1107
23.954,1101
23.967,1109
23.983,1098
23.995,1095
24.012,1103
24.024,1085
24.04,1100
24.053,1102
24.069,1096
24.081,1093
24.098,1090
24.11,1098
24.126,1095
24.139,1097
24.155,1105
24.167,1090
24.184,1092
24.196,1077
24.212,1089
24.225,1086
24.237,1076
24.253,1082
24.266,1084
24.282,1085
24.294,1077
24.311,1082
24.323,1079
24.339,1082
24.352,1081
24.368,1079
24.38,1081
24.397,1076
24.409,1089
24.425,1080
24.438,1074
24.454,1080
24.466,1079
24.479,1077
24.495,1081
24.507,1069
24.524,1071
24.536,1061
24.552,1061
24.565,1061
24.581,1056
24.593,1059
24.61,1061
24.622,1067
24.638,1063
24.651,1076
24.667,1072
24.679,1063
24.692,1078
24.708,1077
24.72,1075
24.737,1077
24.749,1081
24.765,1082
24.778,1082
24.794,1076
24.806,1093
24.823,1081
24.835,1082
24.851,1071
24.864,1081
24.88,1079
24.892,1078
24.909,1083
24.921,1069
24.937,1074
24.95,1068
24.962,1069
24.978,1075
24.991,1074
25.007,1075
25.019,1073
25.036,1063
25.048,1066
25.064,1071
25.077,1083
25.093,1080
25.105,1071
25.122,1066
25.134,1062
25.15,1064
25.163,1086
25.175,1076
25.191,1083
25.204,1081
25.22,1080
25.232,1076
25.249,1076
25.261,1077
25.277,1083
25.29,1066
25.306,1066
25.318,1081
25.335,1078
25.347,1081
25.363,1079
25.376,1088
25.392,1074
25.404,1082
25.417,1072
25.433,1078
25.445,1063
25.462,1071
25.474,1071
25.49,1084
25.503,1079
25.519,1069
25.531,1069
25.548,1059
25.56,1047
25.576,1044
25.589,1036
25.605,1040
25.617,1050
25.63,1047
25.646,1052
25.658,1042
25.675,1049
25.687,1052
25.703,1049
25.716,1046
25.732,1051
25.744,1037
25.761,1046
25.773,1045
25.785,1053
25.802,1043
25.814,1052
25.83,1052
25.842,1054
25.859,1057
25.871,1057
25.888,1070
25.9,1060
25.916,1062
25.929,1074
25.945,1062
25.957,1084
25.97,1076
25.986,1073
25.998,1069
26.015,1082
26.027,1075
26.043,1088
26.056,1083
26.072,1088
26.084,1073
26.101,1098
26.113,1087
26.129,1078
26.142,1088
26.158,1083
26.17,1095
26.187,1091
26.199,1093
26.215,1087
26.228,1080
26.24,1086
26.256,1071
26.269,1078
26.285,1070
26.297,1080
26.314,1075
26.326,1075
26.342,1074
26.355,1076
26.371,1060
26.383,1080
26.4,1070
26.412,1074
26.428,1073
26.441,1073
26.457,1079
26.469,1073
26.481,1080
26.498,1085
26.51,1084
26.527,1083
26.539,1092
26.555,1085
26.567,1077
26.584,1084
26.596,1088
26.613,1087
26.625,1095
26.641,1096
26.654,1102
26.67,1088
26.682,1077
26.699,1097
26.711,1094
26.727,1089
26.74,1086
26.756,1100
26.768,1100
26.785,1107
26.797,1094
26.809,1094
26.826,1101
26.838,1105
26.854,1104
26.867,1090
26.883,1086
26.895,1098
26.912,1097
26.924,1092
26.94,1099
26.953,1087
26.969,1090
26.981,1084
26.998,1083
27.01,1083
27.026,1089
27.039,1090
27.055,1098
27.067,1094
27.084,1099
27.096,1089
27.112,1087
27.125,1096
27.137,1098
27.153,1101
27.166,1092
27.182,1103
27.194,1108
27.211,1106
27.224,1109
27.239,1102
27.252,1104
27.268,1105
27.28,1101
27.297,1111
27.309,1116
27.325,1101
27.337,1106
27.354,1104
27.366,1100
27.383,1113
27.395,1109
27.411,1112
27.423,1111
27.44,1125
27.452,1117
27.469,1119
27.481,1118
27.497,1116
27.51,1116
27.526,1124
27.538,1133
27.555,1126
27.567,1130
27.583,1128
27.596,1120
27.612,1124
27.624,1119
27.641,1124
27.653,1111
27.669,1112
27.682,1113
27.698,1113
27.71,1114
27.727,1109
27.739,1108
27.755,1115
27.768,1119
27.78,1118
27.796,1111
27.808,1106
27.825,1112
27.837,1115
27.854,1113
27.866,1110
27.882,1112
27.895,1107
27.911,1110
27.923,1115
27.94,1128
27.952,1120
27.968,1118
27.981,1112
27.997,1114
28.009,1110
28.026,1116
28.038,1109
28.054,1111
28.067,1119
28.083,1113
28.095,1110
28.112,1120
28.124,1104
28.14,1113
28.153,1123
28.169,1111
28.181,1103
28.198,1109
28.21,1112
28.226,1112
28.239,1117
28.255,1122
28.267,1113
28.284,1109
28.296,1113
28.312,1113
28.325,1118
28.341,1110
28.353,1106
28.37,1104
28.382,1106
28.398,1107
28.411,1106
28.423,1108
28.439,1108
28.452,1099
28.468,1100
28.48,1094
28.497,1097
28.509,1100
28.525,1109
28.537,1095
28.554,1110
28.566,1107
28.583,1107
28.595,1098
28.611,1103
28.624,1109
28.64,1100
28.652,1102
28.669,1104
28.681,1106
28.697,1103
28.71,1101
28.726,1105
28.738,1095
28.755,1106
28.767,1097
28.783,1090
28.796,1096
28.812,1109
28.824,1100
28.837,1100
28.853,1115
28.865,1116
28.882,1102
28.894,1110
28.91,1115
28.923,1115
28.939,1111
28.951,1108
28.968,1114
28.98,1108
28.996,1115
29.009,1107
29.025,1111
29.037,1108
29.054,1098
29.066,1102
29.082,1110
29.095,1094
29.111,1097
29.123,1112
29.14,1098
29.152,1106
29.168,1095
29.181,1107
29.197,1103
29.209,1105
29.226,1103
29.238,1104
29.254,1109
29.267,1114
29.283,1111
29.295,1098
29.312,1107
29.324,1108
29.34,1113
29.353,1113
29.365,1118
29.381,1120
29.394,1117
29.41,1121
29.422,1131
29.439,1124
29.451,1132
29.467,1117
29.48,1124
29.496,1134
29.508,1126
29.525,1129
29.537,1132
29.553,1130
29.566,1124
29.582,1127
29.594,1128
29.611,1131
29.623,1130
29.639,1126
29.652,1124
29.668,1125
29.68,1125
29.697,1117
29.709,1125
29.725,1120
29.738,1112
29.754,1126
29.766,1117
29.783,1114
29.795,1117
29.811,1113
29.824,1109
29.84,1116
29.852,1110
29.869,1119
29.881,1111
29.897,1121
29.91,1120
29.926,1121
29.938,1126
29.955,1122
29.967,1122
29.984,1125
29.996,1124
30.012,1113
30.024,1120
30.041,1111
30.053,1114
30.069,1115
30.082,1119
30.098,1104
30.11,1111
30.127,1122
30.139,1123
30.156,1132
30.168,1129
30.184,1127
30.196,1130
30.213,1118
30.225,1131
30.241,1116
30.254,1127
30.27,1124
30.282,1119
30.299,1120
30.311,1131
30.328,1124
30.34,1124
30.356,1130
30.368,1110
30.385,1116
30.397,1108
30.409,1111
30.426,1117
30.438,1124
30.454,1118
30.467,1126
30.483,1119
30.495,1117
30.512,1126
30.524,1125
30.54,1119
30.553,1124
30.569,1118
30.582,1117
30.598,1130
30.61,1120
30.626,1125
30.639,1112
30.655,1121
30.667,1126
30.684,1122
30.696,1123
30.713,1128
30.725,1119
30.741,1127
30.753,1125
30.77,1131
30.782,1132
30.799,1135
30.811,1139
30.827,1135
30.84,1136
30.856,1139
30.868,1138
30.885,1128
30.897,1126
30.913,1135
30.925,1141
30.942,1139
30.954,1136
30.971,1127
30.983,1127
30.999,1137
31.011,1119
31.028,1126
31.04,1127
31.057,1123
31.069,1117
31.085,1119
31.098,1120
31.114,1115
31.126,1119
31.143,1126
31.155,1126
31.171,1119
31.183,1121
31.2,1120
31.212,1123
31.229,1124
31.241,1118
31.257,1114
31.269,1128
31.286,1128
31.298,1132
31.315,1124
31.327,1124
31.343,1129
31.356,1125
31.372,1128
31.384,1133
31.401,1119
31.413,1132
31.429,1133
31.442,1144
31.458,1134
31.47,1137
31.487,1132
31.499,1134
31.515,1131
31.528,1128
31.544,1130
31.556,1130
31.573,1137
31.585,1131
31.601,1129
31.614,1137
31.63,1128
31.642,1131
31.659,1137
31.671,1132
31.687,1134
31.7,1136
31.716,1152
31.728,1131
31.745,1128
31.757,1135
31.773,1141
31.786,1143
31.802,1128
31.814,1126
31.831,1126
31.843,1133
31.859,1132
31.872,1138
31.888,1123
31.9,1122
31.917,1120
31.929,1120
31.945,1114
31.958,1124
31.974,1117
31.986,1111
32.003,1126
32.015,1127
32.031,1112
32.044,1121
32.06,1123
32.072,1123
32.089,1123
32.101,1136
32.117,1130
32.13,1126
32.146,1130
32.158,1135
32.175,1137
32.187,1143
32.203,1131
32.216,1137
32.232,1144
32.244,1134
32.261,1138
32.273,1132
32.289,1140
32.302,1136
32.318,1142
32.33,1137
32.347,1135
32.359,1134
32.375,1141
32.388,1138
32.404,1131
32.416,1126
32.433,1125
32.445,1119
32.461,1119
32.474,1116
32.486,1117
32.502,1131
32.515,1121
32.531,1127
32.543,1129
32.56,1112
32.572,1116
32.588,1128
32.601,1130
32.617,1125
32.63,1134
32.646,1136
32.658,1133
32.674,1128
32.687,1140
32.703,1130
32.715,1134
32.732,1128
32.744,1132
32.76,1141
32.773,1141
32.789,1148
32.801,1132
32.818,1140
32.83,1149
32.846,1145
32.859,1154
32.875,1150
32.887,1154
32.904,1161
32.92,1163
32.932,1155
32.949,1155
32.961,1151
32.978,1151
32.99,1147
33.006,1151
33.018,1151
33.035,1153
33.047,1141
33.063,1147
33.079,1138
33.092,1142
33.104,1140
33.121,1141
33.133,1137
33.15,1138
33.162,1142
33.178,1138
33.19,1135
33.207,1146
33.219,1150
33.236,1145
33.248,1133
33.264,1142
33.276,1143
33.293,1146
33.305,1153
33.322,1141
33.334,1154
33.35,1141
33.362,1147
33.379,1155
33.391,1152
33.408,1144
33.42,1157
33.436,1138
33.449,1151
33.465,1151
33.477,1156
33.494,1155
33.506,1151
33.522,1170
33.534,1155
33.551,1158
33.563,1152
33.58,1153
33.592,1169
33.608,1165
33.62,1159
33.637,1166
33.649,1160
33.666,1167
33.678,1162
33.694,1166
33.706,1168
33.723,1154
33.735,1160
33.752,1156
33.764,1142
33.78,1137
33.792,1133
33.809,1142
33.821,1142
33.838,1135
33.85,1135
33.866,1141
33.879,1141
33.895,1131
33.907,1129
33.924,1145
33.936,1138
33.952,1136
33.965,1150
33.981,1144
33.993,1139
34.01,1137
34.026,1154
34.038,1143
34.055,1157
34.067,1149
34.083,1141
34.096,1154
34.112,1152
34.124,1143
34.141,1151
34.153,1147
34.169,1148
34.182,1149
34.198,1152
34.21,1142
34.227,1150
34.239,1146
34.255,1158
34.268,1146
34.284,1158
34.296,1164
34.313,1149
34.325,1150
34.341,1153
34.354,1156
34.37,1158
34.382,1155
34.399,1152
34.411,1155
34.427,1151
34.44,1151
34.456,1147
34.468,1154
34.485,1141
34.497,1135
34.513,1148
34.526,1147
34.542,1144
34.555,1147
34.571,1143
34.583,1154
34.599,1157
34.612,1146
34.628,1149
34.64,1148
34.657,1144
34.669,1153
34.685,1153
34.698,1155
34.714,1155
34.726,1152
34.743,1155
34.755,1145
34.771,1148
34.784,1152
34.8,1149
34.812,1157
34.829,1161
34.841,1149
34.857,1158
34.87,1156
34.886,1164
34.898,1145
34.915,1161
34.931,1160
34.943,1153
34.96,1164
34.972,1152
34.989,1161
35.001,1153
35.017,1163
35.029,1157
35.046,1162
35.058,1166
35.075,1160
35.087,1156
35.103,1149
35.115,1159
35.132,1151
35.144,1151
35.161,1143
35.173,1158
35.189,1155
35.201,1152
35.218,1155
35.23,1156
35.247,1165
35.259,1159
35.275,1158
35.287,1151
35.304,1162
35.316,1149
35.333,1152
35.345,1155
35.361,1153
35.373,1152
35.39,1153
35.402,1161
35.419,1161
35.431,1162
35.447,1164
35.459,1151
35.476,1160
35.488,1147
35.505,1164
35.517,1160
35.534,1168
35.546,1161
35.562,1160
35.578,1162
35.591,1163
35.607,1169
35.619,1175
35.636,1166
35.648,1165
35.664,1162
35.677,1162
35.693,1151
35.705,1153
35.722,1145
35.734,1136
35.75,1138
35.763,1138
35.779,1138
35.791,1135
35.808,1130
35.82,1118
35.836,1130
35.849,1130
35.865,1125
35.877,1124
35.894,1124
35.906,1122
35.922,1119
35.935,1116
35.951,1110
35.963,1110
35.98,1114
35.992,1116
36.008,1117
36.021,1123
36.037,1120
36.049,1124
36.066,1123
36.078,1123
36.094,1132
36.107,1130
36.119,1133
36.135,1130
36.148,1125
36.164,1125
36.176,1125
36.193,1137
36.205,1138
36.221,1136
36.234,1130
36.25,1137
36.262,1134
36.279,1145
36.291,1142
36.307,1139
36.32,1146
36.336,1142
36.352,1136
36.365,1128
36.377,1132
36.393,1124
36.406,1130
36.422,1134
36.434,1133
36.451,1130
36.463,1131
36.479,1133
36.492,1136
36.508,1133
36.52,1135
36.537,1129
36.549,1136
36.565,1134
36.578,1133
36.594,1143
36.606,1150
36.623,1144
36.635,1142
36.651,1149
36.668,1145
36.68,1153
36.697,1149
36.709,1158
36.725,1156
36.737,1158
36.754,1153
36.766,1154
36.783,1155
36.795,1154
36.811,1151
36.823,1148
36.84,1140
36.852,1136
36.868,1151
36.881,1167
36.897,1156
36.909,1163
36.926,1155
36.938,1157
36.954,1163
36.967,1155
36.983,1152
36.995,1152
37.012,1152
37.024,1151
37.041,1148
37.053,1150
37.069,1146
37.081,1141
37.098,1146
37.11,1147
37.127,1154
37.139,1133
37.155,1134
37.167,1148
37.184,1143
37.196,1146
37.213,1142
37.225,1146
37.241,1146
37.253,1147
37.27,1148
37.282,1140
37.299,1144
37.311,1151
37.327,1153
37.34,1152
37.356,1159
37.368,1151
37.385,1158
37.397,1145
37.413,1154
37.425,1150
37.442,1155
37.454,1173
37.471,1156
37.484,1161
37.499,1154
37.512,1155
37.528,1163
37.544,1167
37.557,1160
37.573,1160
37.585,1164
37.602,1150
37.614,1153
37.63,1149
37.643,1152
37.659,1153
37.671,1156
37.688,1146
37.7,1155
37.716,1145
37.729,1138
37.745,1138
37.757,1142
37.774,1144
37.786,1147
37.802,1152
37.815,1148
37.831,1148
37.843,1134
37.86,1143
37.872,1146
37.888,1147
37.901,1143
37.917,1156
37.929,1149
37.946,1142
37.958,1144
37.974,1141
37.987,1146
38.003,1149
38.015,1150
38.032,1141
38.044,1148
38.06,1151
38.073,1154
38.089,1141
38.101,1150
38.118,1149
38.13,1153
38.146,1144
38.159,1146
38.175,1155
38.187,1160
38.204,1154
38.216,1148
38.232,1150
38.245,1148
38.261,1141
38.273,1152
38.29,1142
38.302,1156
38.318,1144
38.331,1147
38.347,1143
38.359,1141
38.376,1145
38.388,1146
38.404,1140
38.417,1140
38.433,1131
38.445,1142
38.462,1138
38.474,1147
38.49,1139
38.503,1145
38.519,1152
38.531,1146
38.548,1150
38.56,1159
38.576,1143
38.589,1151
38.605,1147
38.617,1150
38.634,1156
38.65,1156
38.662,1149
38.679,1148
38.691,1157
38.707,1165
38.72,1160
38.736,1160
38.749,1157
38.765,1156
38.777,1154
38.793,1156
38.806,1156
38.822,1169
38.835,1155
38.851,1159
38.863,1154
38.88,1155
38.892,1159
38.908,1163
38.92,1167
38.937,1162
38.95,1148
38.965,1163
38.978,1147
38.994,1157
39.006,1152
39.023,1149
39.035,1151
39.052,1144
39.064,1143
39.08,1145
39.092,1146
39.109,1147
39.121,1149
39.138,1154
39.15,1143
39.166,1146
39.179,1150
39.195,1146
39.207,1139
39.224,1148
39.236,1148
39.252,1153
39.264,1156
39.281,1146
39.293,1150
39.31,1159
39.322,1147
39.338,1155
39.35,1153
39.367,1152
39.379,1153
39.396,1148
39.408,1148
39.424,1155
39.437,1156
39.453,1155
39.469,1162
39.482,1156
39.498,1150
39.51,1147
39.527,1146
39.539,1166
39.555,1154
39.568,1155
39.584,1164
39.596,1154
39.613,1142
39.625,1141
39.641,1147
39.654,1146
39.67,1149
39.682,1145
39.699,1146
39.711,1154
39.727,1152
39.74,1149
39.756,1163
39.768,1155
39.785,1169
39.797,1152
39.813,1155
39.826,1165
39.842,1162
39.854,1162
39.871,1173
39.883,1169
39.899,1168
39.912,1152
39.928,1166
39.94,1171
39.957,1171
39.969,1173
39.985,1164
39.998,1166
40.014,1169
40.026,1170
40.043,1173
40.059,1186
40.071,1180
40.088,1176
40.1,1170
40.117,1167
40.129,1168
40.145,1169
40.157,1177
40.174,1181
40.186,1182
40.202,1180
40.215,1184
40.231,1179
40.243,1184
40.26,1169
40.272,1162
40.288,1171
40.301,1159
40.317,1168
40.329,1157
40.346,1147
40.358,1174
40.374,1173
40.387,1155
40.403,1158
40.415,1167
40.435,1163
40.444,1174
40.461,1172
40.477,1167
40.489,1164
40.506,1173
40.518,1173
40.534,1171
40.547,1176
40.563,1180
40.575,1180
40.592,1184
40.604,1172
40.62,1177
40.633,1168
40.649,1175
40.661,1176
40.678,1178
40.69,1180
40.706,1174
40.718,1167
40.735,1177
40.747,1168
40.764,1171
40.776,1173
40.792,1173
40.805,1171
40.821,1178
40.833,1170
40.85,1164
40.866,1171
40.878,1167
40.895,1165
40.907,1152
40.923,1161
40.936,1153
40.952,1149
40.964,1150
40.981,1150
40.993,1154
41.009,1138
41.022,1139
41.038,1142
41.05,1144
41.067,1142
41.079,1149
41.095,1141
41.108,1142
41.124,1152
41.136,1151
41.153,1160
41.165,1151
41.181,1148
41.194,1154
41.21,1152
41.222,1159
41.239,1157
41.251,1163
41.267,1151
41.28,1156
41.296,1145
41.308,1162
41.325,1148
41.337,1148
41.353,1142
41.366,1149
41.382,1149
41.394,1149
41.411,1151
41.423,1153
41.439,1158
41.452,1156
41.468,1164
41.48,1167
41.497,1173
41.509,1174
41.525,1151
41.538,1154
41.554,1125
41.566,1125
41.583,1115
41.595,1097
41.611,1101
41.624,1109
41.64,1104
41.652,1098
41.669,1095
41.681,1089
41.697,1094
41.71,1091
41.726,1096
41.738,1097
41.755,1120
41.767,1107
41.784,1103
41.796,1114
41.812,1106
41.824,1106
41.841,1124
41.853,1121
41.869,1109
41.882,1110
41.898,1114
41.91,1102
41.927,1108
41.94,1104
41.956,1104
41.968,1102
41.984,1108
41.996,1101
42.009,1108
42.025,1113
42.037,1104
42.054,1102
42.066,1095
42.082,1090
42.095,1104
42.111,1092
42.123,1099
42.14,1096
42.152,1109
42.168,1114
42.181,1097
42.197,1111
42.209,1110
42.226,1106
42.238,1095
42.254,1102
42.267,1097
42.283,1097
42.295,1088
42.312,1085
42.324,1089
42.34,1097
42.353,1092
42.369,1093
42.381,1093
42.394,1099
42.41,1096
42.422,1093
42.439,1093
42.451,1089
42.467,1093
42.48,1086
42.496,1098
42.508,1076
42.525,1084
42.537,1078
42.553,1093
42.566,1091
42.582,1091
42.594,1103
42.611,1097
42.623,1101
42.639,1104
42.652,1109
42.668,1107
42.68,1097
42.697,1104
42.709,1098
42.726,1100
42.738,1108
42.75,1096
42.766,1106
42.779,1097
42.795,1105
42.807,1101
42.824,1107
42.836,1101
42.852,1106
42.865,1086
42.881,1089
42.893,1085
42.91,1086
42.922,1083
42.938,1088
42.951,1092
42.967,1086
42.979,1077
42.996,1089
43.008,1090
43.024,1098
43.037,1097
43.053,1100
43.065,1093
43.082,1108
43.094,1093
43.106,1107
43.123,1104
43.135,1104
43.152,1106
43.164,1116
43.18,1106
43.192,1122
43.209,1116
43.221,1111
43.237,1125
43.25,1123
43.266,1125
43.278,1121
43.295,1111
43.307,1114
43.324,1120
43.336,1116
43.352,1119
43.364,1114
43.381,1111
43.393,1123
43.409,1128
43.423,1125
43.438,1113
43.45,1120
43.467,1112
43.479,1116
43.496,1107
43.508,1112
43.524,1114
43.536,1111
43.553,1106
43.565,1108
43.582,1095
43.594,1100
43.61,1110
43.622,1115
43.639,1110
43.651,1107
43.668,1100
43.68,1092
43.696,1085
43.708,1073
43.721,1067
43.737,1022
43.749,1019
43.766,1025
43.778,1041
43.795,1040
43.807,1054
43.823,1069
43.835,1081
43.852,1087
43.864,1096
43.881,1113
43.893,1127
43.909,1120
43.921,1134
43.938,1135
43.95,1143
43.967,1131
43.979,1132
43.995,1131
44.007,1133
44.024,1124
44.036,1117
44.053,1122
44.065,1121
44.077,1097
44.093,1115
44.106,1112
44.122,1096
44.134,1092
44.151,1097
44.163,1094
44.179,1084
44.192,1080
44.208,1077
44.22,1090
44.237,1076
44.249,1072
44.266,1079
44.278,1086
44.294,1086
44.306,1098
44.323,1104
44.335,1099
44.352,1105
44.364,1097
44.38,1104
44.392,1099
44.409,1100
44.421,1117
44.433,1118
44.45,1108
44.462,1111
44.479,1113
44.491,1104
44.507,1116
44.519,1110
44.536,1106
44.548,1105
44.565,1103
44.577,1100
44.593,1111
44.605,1104
44.622,1111
44.634,1108
44.65,1109
44.663,1106
44.679,1103
44.691,1111
44.708,1110
44.72,1114
44.737,1114
44.749,1104
44.765,1112
44.777,1112
44.794,1108
44.806,1119
44.823,1121
44.835,1121
44.851,1119
44.864,1120
44.88,1116
44.893,1107
44.909,1121
44.921,1121
44.937,1124
44.95,1116
44.966,1125
44.978,1114
44.995,1116
45.007,1123
45.023,1113
45.035,1118
45.052,1117
45.064,1118
45.076,1116
45.093,1113
45.105,1117
45.122,1117
45.134,1125
45.15,1121
45.162,1119
45.179,1124
45.191,1113
45.208,1124
45.22,1111
45.236,1114
45.248,1112
45.265,1112
45.277,1123
45.293,1116
45.306,1125
45.322,1118
45.335,1123
45.351,1116
45.363,1111
45.38,1109
45.392,1111
45.408,1112
45.421,1103
45.437,1100
45.449,1105
45.466,1106
45.478,1099
45.494,1093
45.506,1108
45.523,1112
45.535,1102
45.552,1108
45.564,1101
45.58,1098
45.592,1095
45.609,1100
45.621,1095
45.638,1108
45.65,1104
45.662,1110
45.679,1096
45.691,1103
45.707,1103
45.719,1112
45.736,1101
45.748,1101
45.765,1091
45.777,1087
45.793,1106
45.806,1105
45.822,1105
45.834,1104
45.851,1101
45.863,1100
45.879,1100
45.891,1105
45.908,1094
45.92,1086
45.937,1090
45.949,1073
45.965,1096
45.978,1090
45.994,1086
46.006,1097
46.023,1097
46.035,1089
46.047,1094
46.064,1092
46.076,1104
46.092,1095
46.104,1094
46.121,1099
46.133,1107
46.15,1112
46.162,1102
46.178,1100
46.19,1109
46.207,1097
46.219,1109
46.236,1101
46.248,1098
46.264,1095
46.277,1092
46.293,1089
46.305,1081
46.322,1099
46.334,1085
46.35,1090
46.363,1082
46.379,1084
46.391,1098
46.403,1078
46.42,1098
46.432,1100
46.449,1095
46.461,1096
46.477,1103
46.489,1097
46.506,1108
46.518,1109
46.535,1107
46.547,1103
46.563,1103
46.576,1108
46.592,1112
46.604,1116
46.621,1119
46.633,1109
46.649,1109
46.662,1110
46.678,1100
46.69,1102
46.707,1105
46.719,1099
46.735,1106
46.748,1106
46.764,1102
46.776,1101
46.793,1104
46.805,1102
46.821,1111
46.834,1107
46.85,1105
46.862,1116
46.874,1110
46.891,1108
46.903,1111
46.92,1118
46.932,1120
46.948,1115
46.96,1121
46.977,1106
46.989,1129
47.006,1121
47.018,1120
47.034,1128
47.047,1134
47.063,1129
47.075,1133
47.092,1129
47.104,1130
47.12,1142
47.133,1128
47.149,1129
47.161,1128
47.178,1130
47.19,1126
47.206,1135
47.219,1130
47.235,1131
47.247,1133
47.264,1131
47.276,1135
47.292,1133
47.305,1135
47.321,1146
47.333,1133
47.35,1128
47.362,1134
47.378,1128
47.391,1121
47.407,1122
47.419,1132
47.436,1131
47.448,1129
47.464,1131
47.477,1129
47.493,1126
47.505,1123
47.522,1136
47.534,1142
47.55,1145
47.563,1134
47.579,1132
47.591,1120
47.608,1132
47.62,1133
47.636,1135
47.649,1129
47.665,1129
47.677,1136
47.694,1131
47.706,1130
47.722,1134
47.735,1138
47.751,1136
47.763,1136
47.78,1132
47.792,1129
47.808,1132
47.821,1137
47.837,1144
47.849,1150
47.866,1143
47.878,1143
47.894,1145
47.907,1137
47.923,1146
47.935,1138
47.952,1143
47.964,1154
47.98,1138
47.993,1137
48.009,1143
48.021,1149
48.038,1144
48.05,1149
48.066,1143
48.079,1145
48.095,1133
48.107,1151
48.124,1150
48.136,1144
48.152,1158
48.165,1147
48.181,1155
48.193,1153
48.21,1149
48.222,1145
48.238,1159
48.251,1146
48.267,1147
48.279,1155
48.296,1151
48.312,1153
48.324,1152
48.341,1158
48.353,1166
48.37,1178
48.382,1171
48.398,1177
48.41,1180
48.427,1167
48.439,1182
48.456,1185
48.468,1203
48.484,1187
48.496,1195
48.513,1190
48.525,1198
48.541,1210
48.554,1205
48.57,1217
48.587,1228
48.599,1202
48.615,1216
48.627,1221
48.644,1234
48.656,1231
48.673,1221
48.685,1221
48.701,1218
48.713,1213
48.73,1208
48.742,1212
48.759,1212
48.775,1208
48.787,1201
48.804,1207
48.816,1202
48.832,1200
48.845,1200
48.861,1209
48.873,1195
48.89,1203
48.902,1204
48.918,1203
48.931,1201
48.947,1207
48.959,1216
48.976,1207
48.992,1211
49.004,1207
49.021,1200
49.033,1211
49.049,1210
49.062,1209
49.078,1216
49.09,1221
49.107,1205
49.119,1220
49.135,1214
49.148,1203
49.164,1209
49.18,1205
49.193,1214
49.209,1210
49.221,1219
49.238,1225
49.25,1211
49.266,1224
49.279,1208
49.295,1215
49.309,1218
49.324,1228
49.336,1220
49.352,1227
49.369,1232
49.381,1223
49.398,1217
49.41,1210
49.426,1216
49.438,1231
49.455,1210
49.467,1220
49.484,1205
49.496,1221
49.512,1209
49.529,1230
49.541,1206
49.557,1211
49.57,1204
49.586,1213
49.598,1220
49.615,1211
49.627,1216
49.643,1213
49.656,1210
49.672,1204
49.684,1228
49.701,1217
49.717,1209
49.729,1218
49.746,1232
49.758,1225
49.774,1218
49.787,1218
49.803,1237
49.815,1229
49.832,1238
49.844,1239
49.86,1233
49.877,1229
49.889,1226
49.905,1234
49.918,1241
49.934,1226
49.946,1241
49.963,1240
49.975,1238
49.991,1225
50.004,1234
50.02,1228
50.036,1229
50.049,1231
50.065,1230
50.077,1229
50.094,1228
50.106,1237
50.123,1230
50.135,1219
50.151,1235
50.168,1216
50.18,1231
50.196,1225
50.208,1234
50.225,1229
50.237,1220
50.254,1231
50.266,1224
50.282,1224
50.294,1232
50.311,1227
50.327,1233
50.34,1220
50.356,1233
50.368,1240
50.385,1224
50.397,1239
50.414,1249
50.425,1238
50.442,1231
50.454,1243
50.471,1244
50.487,1239
50.499,1232
50.516,1243
50.528,1242
50.544,1234
50.557,1249
50.573,1251
50.585,1247
50.602,1260
50.618,1279
50.63,1273
50.647,1283
50.659,1303
50.675,1307
50.688,1302
50.704,1304
50.72,1303
50.733,1302
50.749,1317
50.761,1321
50.778,1316
50.794,1305
50.806,1300
50.823,1295
50.835,1291
50.852,1295
50.864,1292
50.88,1286
50.897,1291
50.909,1284
50.925,1277
50.937,1275
50.954,1275
50.966,1271
50.983,1268
50.999,1266
51.011,1268
51.028,1261
51.04,1265
51.056,1256
51.069,1272
51.085,1269
51.101,1271
51.114,1265
51.13,1269
51.142,1268
51.159,1260
51.171,1260
51.187,1243
51.204,1246
51.216,1234
51.232,1246
51.245,1232
51.261,1244
51.273,1240
51.29,1225
51.302,1222
51.318,1224
51.331,1201
51.347,1187
51.359,1181
51.376,1179
51.392,1173
51.404,1177
51.421,1166
51.433,1155
51.45,1146
51.462,1133
51.478,1120
51.49,1108
51.507,1112
51.519,1096
51.536,1085
51.548,1076
51.56,1066
51.576,1052
51.589,1045
51.605,1013
51.617,1010
51.634,1007
51.646,1005
51.663,1003
51.675,1013
51.687,1009
51.704,1011
51.716,1020
51.732,1032
51.744,1055
51.761,1045
51.773,1049
51.789,1050
51.802,1061
51.818,1069
51.831,1081
51.843,1098
51.859,1101
51.871,1112
51.888,1088
51.9,1106
51.916,1084
51.929,1097
51.945,1105
51.957,1100
51.974,1101
51.986,1100
52.002,1098
52.015,1083
52.031,1101
52.043,1077
52.06,1083
52.072,1096
52.088,1091
52.101,1087
52.117,1090
52.129,1096
52.146,1087
52.158,1095
52.17,1098
52.187,1105
52.199,1109
52.215,1110
52.228,1123
52.244,1138
52.256,1137
52.273,1148
52.285,1139
52.301,1154
52.314,1155
52.33,1164
52.346,1166
52.359,1158
52.375,1155
52.387,1180
52.404,1163
52.416,1179
52.432,1174
52.445,1176
52.461,1176
52.473,1164
52.49,1176
52.502,1173
52.519,1181
52.531,1188
52.547,1194
52.559,1191
52.576,1181
52.588,1181
52.604,1187
52.617,1185
52.633,1186
52.645,1177
52.662,1192
52.678,1189
52.691,1191
52.707,1203
52.719,1195
52.736,1201
52.748,1189
52.764,1204
52.777,1198
52.793,1209
52.805,1205
52.822,1216
52.834,1209
52.85,1218
52.862,1210
52.879,1210
52.895,1214
52.908,1226
52.924,1213
52.936,1212
52.953,1215
52.965,1213
52.981,1228
52.994,1216
53.01,1229
53.022,1217
53.039,1204
53.051,1211
53.067,1211
53.084,1219
53.096,1213
53.112,1223
53.125,1208
53.141,1218
53.153,1217
53.17,1221
53.182,1216
53.198,1232
53.211,1226
53.227,1221
53.243,1212
53.256,1222
53.272,1216
53.284,1227
53.301,1222
53.313,1225
53.33,1226
53.342,1237
53.358,1239
53.37,1229
53.387,1233
53.403,1249
53.416,1238
53.432,1243
53.444,1247
53.461,1242
53.473,1249
53.489,1249
53.501,1253
53.518,1243
53.534,1252
53.547,1248
53.563,1228
53.575,1236
53.592,1238
53.604,1239
53.62,1234
53.633,1251
53.649,1242
53.666,1246
53.678,1238
53.694,1234
53.706,1249
53.723,1238
53.735,1239
53.751,1239
53.764,1235
53.78,1222
53.792,1229
53.809,1228
53.825,1226
53.837,1229
53.854,1226
53.866,1238
53.883,1221
53.895,1235
53.911,1223
53.923,1235
53.94,1221
53.952,1214
53.968,1220
53.985,1226
53.997,1228
54.014,1225
54.026,1227
54.042,1226
54.054,1223
54.071,1200
54.083,1200
54.1,1187
54.112,1178
54.128,1185
54.14,1184
54.157,1183
54.169,1183
54.186,1178
54.202,1179
54.214,1171
54.231,1172
54.243,1165
54.259,1159
54.272,1152
54.288,1150
54.3,1155
54.317,1159
54.329,1160
54.345,1169
54.358,1168
54.374,1168
54.386,1169
54.403,1175
54.415,1168
54.431,1176
54.443,1177
54.46,1174
54.472,1153
54.489,1157
54.501,1149
54.517,1138
54.53,1138
54.546,1140
54.558,1146
54.575,1137
54.587,1134
54.603,1128
54.616,1112
54.632,1094
54.644,1074
54.661,1074
54.673,1078
54.689,1075
54.702,1087
54.718,1087
54.73,1096
54.747,1105
54.759,1105
54.775,1105
54.788,1110
54.804,1123
54.816,1107
54.833,1107
54.845,1104
54.857,1097
54.874,1093
54.886,1082
54.902,1076
54.915,1061
54.931,1044
54.943,1048
54.96,1031
54.972,1031
54.988,1029
55.001,1032
55.017,1034
55.029,1036
55.042,1051
55.058,1044
55.07,1056
55.087,1063
55.099,1060
55.115,1069
55.128,1068
55.144,1079
55.156,1081
55.173,1080
55.185,1088
55.201,1087
55.214,1080
55.23,1084
55.242,1085
55.254,1093
55.271,1076
55.283,1075
55.3,1075
55.312,1067
55.328,1066
55.34,1062
55.357,1069
55.369,1071
55.386,1091
55.398,1087
55.414,1078
55.426,1093
55.443,1098
55.455,1102
55.472,1097
55.484,1109
55.5,1118
55.513,1110
55.529,1115
55.541,1123
55.558,1127
55.57,1123
55.586,1134
55.599,1121
55.615,1122
55.627,1120
55.64,1114
55.656,1119
55.668,1120
55.685,1117
55.697,1115
55.713,1110
55.726,1118
55.742,1114
55.754,1113
55.771,1129
55.783,1127
55.799,1122
55.812,1136
55.828,1127
55.84,1125
55.857,1132
55.869,1125
55.885,1119
55.898,1121
55.914,1129
55.926,1125
55.943,1120
55.955,1125
55.971,1130
55.984,1121
56.0,1138
56.012,1130
56.029,1132
56.041,1139
56.057,1140
56.069,1140
56.086,1138
56.098,1138
56.115,1131
56.127,1147
56.143,1137
56.156,1137
56.172,1129
56.184,1141
56.201,1133
56.213,1146
56.229,1134
56.242,1138
56.258,1124
56.27,1122
56.287,1125
56.299,1119
56.315,1121
56.328,1110
56.344,1112
56.356,1110
56.373,1117
56.385,1107
56.401,1117
56.414,1118
56.43,1118
56.442,1122
56.459,1122
56.471,1127
56.487,1136
56.5,1131
56.516,1137
56.528,1129
56.545,1123
56.557,1118
56.573,1121
56.586,1116
56.602,1113
56.614,1113
56.631,1105
56.643,1108
56.659,1109
56.672,1104
56.688,1103
56.7,1107
56.717,1107
56.729,1107
56.745,1106
56.758,1102
56.77,1098
56.786,1108
56.799,1109
56.815,1108
56.827,1097
56.844,1097
56.856,1101
56.872,1097
56.885,1097
56.901,1087
56.913,1085
56.93,1075
56.942,1087
56.958,1087
56.971,1088
56.987,1082
56.999,1086
57.016,1096
57.028,1084
57.044,1090
57.057,1088
57.073,1083
57.085,1092
57.098,1092
57.114,1091
57.126,1097
57.143,1098
57.155,1092
57.171,1092
57.184,1094
57.2,1085
57.212,1102
57.229,1094
57.241,1100
57.257,1101
57.27,1104
57.286,1107
57.298,1117
57.315,1112
57.327,1112
57.343,1112
57.356,1111
57.372,1112
57.384,1113
57.401,1106
57.413,1126
57.429,1122
57.442,1118
57.458,1119
57.47,1130
57.487,1126
57.499,1138
57.515,1125
57.528,1115
57.544,1116
57.556,1108
57.573,1113
57.585,1111
57.601,1109
57.614,1108
57.63,1108
57.642,1109
57.655,1104
57.671,1117
57.683,1117
57.7,1108
57.712,1114
57.728,1122
57.741,1128
57.757,1132
57.769,1131
57.786,1142
57.798,1128
57.814,1133
57.827,1140
57.843,1135
57.855,1142
57.872,1145
57.884,1141
57.9,1142
57.913,1148
57.929,1141
57.941,1144
57.958,1129
57.97,1141
57.986,1136
57.999,1146
58.015,1135
58.027,1148
58.044,1137
58.056,1137
58.072,1133
58.085,1135
58.101,1137
58.117,1141
58.13,1137
58.142,1136
58.158,1147
58.171,1134
58.187,1134
58.199,1136
58.216,1132
58.228,1137
58.244,1139
58.257,1140
58.273,1136
58.29,1144
58.302,1142
58.318,1147
58.33,1142
58.347,1147
58.359,1148
58.375,1145
58.388,1141
58.404,1143
58.416,1128
58.433,1143
58.445,1123
58.462,1128
58.474,1137
58.49,1123
58.502,1125
58.519,1129
58.531,1123
58.548,1117
58.56,1119
58.572,1106
58.589,1108
58.601,1103
58.617,1111
58.629,1118
58.646,1107
58.658,1112
58.674,1108
58.687,1101
58.703,1106
58.715,1091
58.732,1102
58.744,1105
58.761,1101
58.773,1104
58.789,1098
58.801,1100
58.818,1095
58.83,1089
58.847,1086
58.859,1092
58.875,1091
58.887,1094
58.904,1092
58.916,1088
58.933,1099
58.945,1090
58.961,1097
58.973,1081
58.986,1072
59.002,1077
59.014,1070
59.031,1080
59.043,1079
59.059,1078
59.072,1075
59.088,1077
59.101,1079
59.117,1072
59.129,1065
59.146,1059
59.158,1050
59.174,1065
59.186,1066
59.199,1064
59.215,1065
59.227,1071
59.244,1068
59.256,1074
59.273,1074
59.285,1065
59.301,1068
59.313,1071
59.33,1065
59.342,1072
59.359,1083
59.371,1084
59.387,1087
59.4,1096
59.416,1091
59.428,1098
59.44,1094
59.457,1091
59.469,1089
59.485,1088
59.498,1078
59.514,1080
59.526,1057
59.543,1062
59.555,1064
59.572,1055
59.586,1055
59.6,1046
59.612,1050
59.629,1053
59.641,1056
59.653,1062
59.67,1049
59.682,1066
59.698,1067
59.711,1066
59.727,1055
59.739,1055
59.756,1062
59.768,1076
59.785,1079
59.797,1085
59.813,1093
59.825,1103
59.842,1106
59.854,1103
59.871,1099
59.883,1097
59.895,1097
59.911,1109
59.924,1092
59.94,1100
59.952,1095
59.969,1079
59.981,1086
59.997,1077
60.01,1089
60.026,1098
60.038,1087
60.055,1083
60.067,1072
60.084,1068
60.096,1070
60.112,1050
60.124,1053
60.141,1054
60.153,1026
60.165,1023
60.182,1014
60.194,993
60.21,1008
60.223,1001
60.239,1003
60.251,1009
60.264,1026
60.28,1030
60.292,1019
60.309,1017
60.321,1013
60.337,1019
60.35,1029
60.366,1031
60.378,1041
60.391,1041
60.407,1046
60.419,1048
60.436,1051
60.448,1053
60.464,1060
60.477,1063
60.493,1065
60.505,1071
60.522,1079
60.534,1071
60.55,1072
60.563,1077
60.579,1083
60.591,1088
60.604,1082
60.62,1080
60.632,1081
60.649,1076
60.661,1085
60.677,1080
60.69,1085
60.706,1074
60.718,1078
60.735,1072
60.747,1069
60.764,1071
60.776,1057
60.792,1060
60.804,1053
60.817,1066
60.833,1041
60.845,1061
60.862,1051
60.874,1041
60.89,1060
60.903,1055
60.919,1064
60.931,1061
60.948,1074
60.96,1058
60.976,1066
60.989,1059
61.001,1080
61.017,1078
61.03,1073
61.046,1079
61.059,1076
61.075,1084
61.087,1070
61.103,1092
61.116,1078
61.132,1092
61.144,1084
61.161,1085
61.173,1079
61.189,1095
61.202,1090
61.218,1090
61.23,1097
61.247,1096
61.259,1083
61.275,1098
61.288,1103
61.3,1107
61.316,1095
61.329,1102
61.345,1097
61.357,1094
61.374,1091
61.386,1101
61.402,1099
61.415,1095
61.431,1091
61.443,1084
61.46,1079
61.472,1087
61.488,1078
61.501,1093
61.517,1089
61.529,1086
61.546,1087
61.558,1090
61.574,1085
61.587,1079
61.603,1087
61.615,1090
61.628,1094
61.644,1091
61.656,1088
61.673,1084
61.685,1100
61.701,1100
61.714,1098
61.73,1102
61.742,1104
61.759,1102
61.771,1097
61.787,1102
61.8,1103
61.816,1111
61.828,1101
61.845,1110
61.857,1120
61.873,1114
61.886,1118
61.902,1115
61.914,1124
61.931,1122
61.943,1111
61.959,1111
61.972,1123
61.988,1123
62.0,1121
62.017,1106
62.029,1105
62.045,1104
62.058,1113
62.074,1116
62.086,1122
62.103,1124
62.115,1121
62.131,1121
62.144,1113
62.16,1115
62.172,1116
62.185,1112
62.201,1115
62.213,1106
62.23,1115
62.242,1116
62.258,1103
62.271,1116
62.287,1119
62.299,1116
62.316,1115
62.328,1122
62.344,1124
62.357,1126
62.373,1115
62.385,1132
62.402,1126
62.414,1114
62.43,1116
62.443,1128
62.459,1117
62.471,1118
62.488,1124
62.5,1111
62.516,1125
62.529,1118
62.545,1114
62.557,1103
62.574,1112
62.586,1116
62.602,1130
62.615,1121
62.631,1117
62.643,1124
62.66,1128
62.672,1124
62.688,1127
62.701,1119
62.717,1126
62.729,1121
62.746,1123
62.758,1130
62.774,1121
62.787,1117
62.803,1133
62.815,1121
62.832,1137
62.844,1129
62.86,1126
62.873,1128
62.889,1124
62.901,1122
62.918,1123
62.93,1129
62.946,1131
62.959,1130
62.975,1126
62.987,1121
63.004,1126
63.016,1131
63.032,1126
63.045,1138
63.061,1129
63.073,1125
63.09,1135
63.102,1139
63.118,1137
63.131,1127
63.147,1144
63.159,1136
63.176,1145
63.188,1143
63.204,1138
63.217,1135
63.233,1140
63.245,1146
63.262,1139
63.274,1152
63.29,1144
63.303,1138
63.319,1145
63.331,1127
63.348,1135
63.36,1133
63.376,1129
63.389,1126
63.405,1130
63.418,1122
63.434,1124
63.446,1132
63.463,1122
63.475,1125
63.491,1128
63.503,1128
63.52,1132
63.532,1125
63.549,1135
63.561,1120
63.577,1130
63.59,1115
63.606,1140
63.618,1134
63.635,1141
63.647,1147
63.663,1130
63.675,1136
63.692,1128
63.704,1115
63.721,1129
63.733,1124
63.749,1132
63.762,1120
63.778,1125
63.79,1134
63.807,1117
63.819,1132
63.831,1123
63.848,1123
63.86,1124
63.876,1123
63.888,1115
63.905,1115
63.917,1117
63.933,1119
63.946,1122
63.962,1111
63.974,1113
63.991,1106
64.003,1123
64.02,1096
64.032,1103
64.048,1085
64.06,1082
64.077,1078
64.089,1085
64.106,1083
64.118,1080
64.134,1084
64.147,1088
64.163,1089
64.175,1078
64.192,1082
64.204,1082
64.22,1090
64.232,1085
64.245,1094
64.261,1091
64.273,1086
64.29,1084
64.302,1084
64.318,1092
64.331,1085
64.347,1092
64.36,1093
64.376,1102
64.388,1100
64.405,1099
64.417,1098
64.433,1095
64.445,1095
64.462,1103
64.474,1091
64.491,1095
64.503,1098
64.519,1092
64.531,1090
64.548,1078
64.56,1086
64.572,1081
64.589,1080
64.601,1068
64.617,1060
64.63,1064
64.646,1049
64.658,1064
64.675,1058
64.687,1065
64.704,1082
64.716,1091
64.732,1087
64.744,1087
64.761,1082
64.773,1087
64.79,1089
64.802,1085
64.814,1092
64.83,1095
64.843,1087
64.859,1088
64.871,1080
64.888,1096
64.9,1090
64.916,1085
64.929,1094
64.945,1102
64.957,1099
64.974,1100
64.986,1109
65.003,1107
65.015,1103
65.031,1105
65.043,1108
65.06,1104
65.072,1101
65.089,1107
65.101,1101
65.117,1104
65.13,1103
65.146,1106
65.158,1100
65.175,1111
65.187,1103
65.199,1093
65.216,1094
65.228,1090
65.244,1096
65.256,1101
65.273,1087
65.285,1095
65.302,1102
65.314,1095
65.33,1103
65.342,1111
65.359,1103
65.371,1099
65.387,1106
65.4,1106
65.416,1110
65.428,1101
65.445,1114
65.457,1102
65.474,1113
65.489,1121
65.502,1118
65.515,1103
65.531,1122
65.543,1122
65.56,1121
65.572,1120
65.588,1124
65.601,1121
65.617,1123
65.629,1116
65.646,1124
65.658,1114
65.674,1116
65.687,1117
65.703,1109
65.715,1115
65.732,1117
65.744,1127
65.76,1124
65.772,1127
65.785,1125
65.801,1127
65.814,1128
65.83,1112
65.842,1110
65.859,1112
65.871,1110
65.887,1112
65.899,1110
65.916,1108
65.928,1113
65.945,1109
65.957,1109
65.973,1109
65.986,1108
66.002,1117
66.014,1126
66.031,1125
66.043,1117
66.059,1125
66.072,1125
66.088,1131
66.1,1129
66.117,1138
66.129,1141
66.145,1147
66.158,1143
66.174,1150
66.186,1145
66.203,1158
66.215,1163
66.231,1157
66.244,1155
66.26,1161
66.272,1154
66.289,1148
66.301,1151
66.317,1159
66.33,1162
66.346,1157
66.358,1153
66.375,1142
66.387,1137
66.403,1144
66.416,1131
66.432,1127
66.444,1133
66.461,1124
66.473,1121
66.489,1121
66.502,1115
66.518,1120
66.53,1117
66.547,1113
66.559,1116
66.575,1123
66.587,1113
66.604,1123
66.616,1125
66.633,1129
66.645,1137
66.661,1134
66.674,1132
66.69,1142
66.702,1152
66.719,1139
66.731,1148
66.747,1142
66.76,1142
66.776,1143
66.788,1142
66.805,1132
66.817,1150
66.833,1142
66.846,1138
66.862,1140
66.874,1140
66.891,1141
66.903,1133
66.919,1143
66.932,1139
66.948,1130
66.96,1124
66.977,1139
66.989,1131
67.005,1127
67.018,1128
67.034,1129
67.046,1129
67.063,1128
67.075,1126
67.091,1117
67.104,1123
67.12,1124
67.132,1131
67.149,1127
67.161,1123
67.177,1115
67.19,1124
67.206,1114
67.218,1110
67.235,1112
67.247,1106
67.263,1098
67.276,1114
67.292,1107
67.304,1102
67.321,1110
67.333,1103
67.35,1108
67.362,1114
67.378,1122
67.39,1124
67.407,1120
67.419,1116
67.435,1130
67.448,1116
67.464,1119
67.476,1119
67.493,1115
67.505,1118
67.521,1127
67.534,1123
67.55,1126
67.562,1121
67.579,1126
67.591,1130
67.607,1128
67.62,1121
67.636,1126
67.648,1135
67.665,1129
67.677,1127
67.693,1127
67.706,1129
67.722,1127
67.734,1138
67.751,1139
67.763,1132
67.78,1143
67.792,1138
67.808,1130
67.82,1131
67.837,1151
67.849,1133
67.866,1151
67.878,1138
67.894,1133
67.906,1153
67.923,1144
67.935,1149
67.952,1142
67.964,1140
67.98,1142
67.992,1139
68.009,1151
68.021,1152
68.037,1145
68.05,1150
68.066,1150
68.078,1163
68.095,1164
68.107,1166
68.124,1165
68.136,1163
68.152,1158
68.164,1158
68.181,1169
68.193,1159
68.209,1161
68.222,1162
68.238,1158
68.25,1169
68.267,1168
68.279,1166
68.296,1167
68.308,1165
68.324,1163
68.336,1148
68.353,1165
68.365,1167
68.382,1160
68.394,1165
68.41,1153
68.423,1162
68.439,1158
68.453,1152
68.468,1168
68.484,1156
68.496,1160
68.513,1166
68.525,1177
68.541,1165
68.554,1160
68.57,1163
68.582,1176
68.599,1161
68.611,1167
68.627,1166
68.64,1177
68.656,1171
68.668,1167
68.685,1161
68.697,1162
68.713,1168
68.726,1168
68.742,1159
68.754,1165
68.771,1167
68.783,1178
68.799,1167
68.812,1171
68.828,1162
68.84,1168
68.857,1159
68.869,1156
68.885,1168
68.898,1167
68.914,1166
68.926,1160
68.943,1167
68.959,1154
68.971,1168
68.988,1175
69.0,1168
69.017,1167
69.029,1161
69.045,1158
69.057,1160
69.074,1165
69.086,1166
69.102,1164
69.115,1170
69.131,1168
69.143,1167
69.16,1162
69.172,1163
69.188,1177
69.201,1174
69.217,1168
69.229,1161
69.246,1156
69.258,1176
69.274,1175
69.287,1169
69.303,1171
69.315,1169
69.332,1172
69.344,1170
69.36,1163
69.373,1175
69.389,1169
69.405,1164
69.418,1173
69.434,1170
69.446,1163
69.463,1165
69.475,1163
69.491,1157
69.504,1164
69.52,1169
69.533,1160
69.549,1158
69.561,1153
69.578,1149
69.59,1142
69.606,1142
69.618,1143
69.635,1139
69.647,1144
69.664,1134
69.676,1133
69.692,1134
69.705,1130
69.721,1137
69.733,1140
69.75,1137
69.762,1138
69.778,1148
69.791,1133
69.807,1135
69.819,1134
69.836,1133
69.848,1136
69.864,1144
69.876,1114
69.893,1127
69.905,1129
69.922,1118
69.934,1129
69.95,1128
69.963,1127
69.979,1125
69.991,1136
70.008,1125
70.02,1126
70.036,1136
70.049,1132
70.065,1130
70.077,1135
70.094,1122
70.106,1129
70.122,1126
70.135,1134
70.151,1133
70.163,1140
70.18,1129
70.192,1125
70.208,1131
70.221,1116
70.237,1121
70.249,1118
70.266,1118
70.278,1118
70.294,1110
70.307,1109
70.323,1116
70.335,1122
70.352,1117
70.364,1122
70.38,1115
70.393,1120
70.405,1123
70.421,1131
70.434,1120
70.45,1125
70.462,1117
70.479,1122
70.491,1116
70.507,1114
70.519,1117
70.536,1127
70.548,1122
70.565,1129
70.577,1136
70.593,1130
70.606,1141
70.622,1145
70.634,1137
70.651,1145
70.663,1131
70.679,1140
70.692,1141
70.708,1146
70.72,1136
70.737,1146
70.749,1152
70.765,1141
70.778,1151
70.794,1144
70.806,1151
70.823,1160
70.835,1149
70.851,1146
70.868,1142
70.88,1150
70.896,1145
70.909,1140
70.925,1148
70.937,1148
70.954,1137
70.966,1136
70.983,1145
70.995,1141
71.011,1141
71.023,1142
71.04,1142
71.052,1146
71.068,1132
71.081,1127
71.097,1143
71.109,1138
71.126,1132
71.138,1140
71.154,1150
71.167,1144
71.183,1151
71.195,1149
71.212,1145
71.224,1151
71.24,1153
71.253,1157
71.269,1148
71.281,1152
71.298,1149
71.31,1145
71.326,1158
71.339,1155
71.355,1153
71.367,1156
71.384,1145
71.396,1163
71.412,1156
71.425,1166
71.441,1153
71.453,1150
71.47,1157
71.482,1161
71.498,1149
71.511,1143
71.527,1146
71.539,1151
71.556,1146
71.568,1151
71.585,1145
71.597,1153
71.613,1149
71.625,1150
71.642,1143
71.654,1138
71.67,1136
71.683,1134
71.699,1119
71.711,1122
71.728,1116
71.74,1117
71.756,1126
71.769,1121
71.785,1123
71.797,1130
71.814,1138
71.826,1128
71.842,1130
71.855,1142
71.871,1145
71.883,1135
71.9,1129
71.912,1133
71.929,1147
71.941,1141
71.957,1149
71.969,1151
71.986,1158
71.998,1143
72.015,1153
72.027,1154
72.043,1150
72.055,1162
72.072,1154
72.084,1147
72.1,1155
72.113,1148
72.129,1157
72.141,1151
72.158,1159
72.17,1155
72.187,1160
72.199,1168
72.215,1166
72.227,1173
72.244,1168
72.26,1167
72.273,1165
72.289,1168
72.301,1178
72.318,1174
72.33,1176
72.346,1174
72.359,1171
72.375,1168
72.387,1171
72.404,1176
72.416,1180
72.432,1181
72.445,1175
72.461,1178
72.473,1161
72.49,1164
72.502,1177
72.518,1174
72.531,1174
72.547,1184
72.559,1180
72.576,1171
72.588,1172
72.604,1177
72.621,1170
72.633,1172
72.65,1174
72.662,1168
72.678,1181
72.69,1182
72.707,1175
72.719,1174
72.735,1177
72.748,1169
72.764,1180
72.776,1177
72.793,1182
72.805,1180
72.821,1179
72.834,1188
72.85,1168
72.862,1183
72.879,1179
72.891,1186
72.907,1195
72.92,1179
72.936,1174
72.953,1180
72.965,1171
72.981,1177
72.993,1175
73.01,1177
73.022,1187
73.038,1177
73.051,1166
73.067,1172
73.079,1163
73.096,1161
73.108,1158
73.124,1151
73.137,1167
73.153,1157
73.165,1163
73.182,1167
73.194,1160
73.21,1160
73.223,1157
73.239,1154
73.251,1147
73.268,1160
73.28,1164
73.297,1160
73.309,1167
73.325,1160
73.337,1156
73.354,1169
73.366,1164
73.383,1162
73.395,1166
73.411,1163
73.423,1165
73.44,1169
73.456,1162
73.469,1170
73.485,1167
73.497,1165
73.514,1159
73.526,1160
73.542,1167
73.555,1159
73.571,1154
73.583,1156
73.6,1163
73.612,1160
73.628,1153
73.641,1161
73.657,1152
73.669,1148
73.686,1148
73.698,1155
73.714,1160
73.727,1154
73.743,1147
73.755,1164
73.772,1152
73.784,1155
73.8,1158
73.813,1149
73.829,1142
73.841,1154
73.858,1156
73.87,1154
73.886,1143
73.899,1146
73.915,1152
73.927,1148
73.944,1152
73.956,1137
73.972,1138
73.985,1156
74.001,1143
74.013,1136
74.03,1141
74.042,1149
74.058,1140
74.071,1139
74.087,1136
74.099,1137
74.116,1131
74.128,1132
74.144,1132
74.157,1132
74.173,1125
74.185,1130
74.202,1125
74.214,1138
74.23,1136
74.243,1137
74.259,1130
74.271,1132
74.288,1134
74.3,1133
74.316,1139
74.329,1131
74.345,1126
74.357,1139
74.374,1116
74.386,1134
74.402,1116
74.415,1129
74.431,1124
74.443,1129
74.46,1124
74.472,1112
74.488,1123
74.501,1124
74.517,1126
74.529,1134
74.546,1140
74.558,1137
74.574,1136
74.587,1142
74.603,1140
74.615,1141
74.632,1153
74.644,1150
74.66,1157
74.673,1146
74.689,1159
74.701,1152
74.718,1162
74.73,1156
74.746,1149
74.759,1144
74.775,1156
74.787,1159
74.804,1163
74.816,1159
74.832,1150
74.845,1146
74.861,1159
74.873,1138
74.89,1152
74.902,1150
74.918,1140
74.935,1164
74.947,1158
74.964,1146
74.976,1158
74.992,1145
75.004,1159
75.021,1148
75.033,1159
75.05,1155
75.062,1161
75.078,1154
75.09,1152
75.107,1156
75.119,1155
75.136,1158
75.148,1172
75.164,1158
75.176,1160
75.193,1159
75.205,1157
75.222,1166
75.234,1160
75.25,1161
75.263,1160
75.279,1168
75.291,1163
75.308,1166
75.32,1168
75.336,1165
75.348,1168
75.365,1173
75.377,1180
75.394,1172
75.406,1166
75.422,1174
75.434,1177
75.451,1168
75.467,1170
75.48,1180
75.496,1173
75.508,1179
75.525,1174
75.537,1180
75.553,1180
75.566,1170
75.582,1173
75.594,1177
75.611,1177
75.623,1168
75.639,1174
75.652,1182
75.668,1168
75.68,1164
75.697,1180
75.709,1167
75.725,1180
75.738,1172
75.754,1167
75.766,1176
75.783,1174
75.795,1181
75.811,1178
75.828,1182
75.84,1184
75.856,1183
75.869,1181
75.885,1186
75.897,1182
75.914,1187
75.926,1182
75.942,1182
75.955,1194
75.971,1179
75.983,1177
76.0,1185
76.012,1182
76.028,1187
76.041,1185
76.057,1177
76.069,1186
76.086,1181
76.098,1191
76.114,1193
76.131,1178
76.143,1182
76.159,1188
76.172,1185
76.188,1192
76.2,1191
76.217,1181
76.229,1183
76.245,1176
76.258,1175
76.274,1171
76.286,1171
76.303,1175
76.315,1177
76.332,1172
76.344,1177
76.36,1173
76.372,1177
76.389,1175
76.401,1176
76.418,1171
76.43,1188
76.446,1188
76.463,1184
76.475,1172
76.491,1184
76.503,1183
76.52,1187
76.532,1189
76.549,1186
76.561,1179
76.577,1182
76.59,1185
76.606,1195
76.618,1196
76.635,1190
76.647,1186
76.663,1193
76.676,1189
76.692,1186
76.704,1186
76.721,1200
76.737,1182
76.749,1185
76.766,1193
76.778,1196
76.794,1195
76.807,1189
76.823,1194
76.835,1190
76.852,1189
76.864,1192
76.88,1186
76.893,1182
76.909,1188
76.921,1184
76.938,1189
76.95,1195
76.966,1179
76.979,1181
76.995,1181
77.011,1174
77.024,1184
77.04,1179
77.052,1178
77.069,1191
77.081,1174
77.097,1184
77.11,1189
77.126,1180
77.138,1184
77.155,1182
77.167,1188
77.183,1188
77.196,1185
77.212,1184
77.224,1174
77.241,1181
77.253,1177
77.269,1181
77.282,1183
77.298,1181
77.315,1186
77.327,1180
77.343,1179
77.355,1167
77.372,1170
77.384,1171
77.401,1165
77.413,1168
77.429,1162
77.441,1170
77.458,1166
77.47,1170
77.487,1166
77.499,1166
77.515,1164
77.527,1160
77.544,1150
77.556,1145
77.573,1139
77.585,1156
77.601,1150
77.613,1140
77.63,1145
77.642,1150
77.658,1149
77.671,1127
77.687,1145
77.699,1138
77.716,1143
77.728,1151
77.745,1132
77.757,1140
77.773,1129
77.785,1132
77.802,1138
77.814,1147
77.831,1142
77.843,1138
77.859,1140
77.872,1140
77.888,1134
77.9,1138
77.917,1141
77.929,1153
77.945,1145
77.958,1146
77.974,1154
77.986,1149
78.003,1143
78.015,1154
78.031,1148
78.044,1158
78.06,1158
78.072,1167
78.089,1163
78.101,1155
78.117,1162
78.13,1160
78.146,1151
78.162,1165
78.175,1153
78.191,1162
78.203,1163
78.22,1167
78.232,1159
78.248,1167
78.261,1157
78.277,1155
78.289,1152
78.306,1166
78.318,1163
78.334,1157
78.347,1164
78.363,1159
78.375,1158
78.392,1157
78.404,1154
78.42,1165
78.433,1159
78.449,1162
78.461,1174
78.478,1166
78.49,1159
78.506,1160
78.519,1162
78.535,1170
78.547,1170
78.564,1157
78.576,1143
78.592,1148
78.605,1150
78.621,1151
78.633,1155
78.65,1148
78.662,1153
78.678,1154
78.692,1163
78.707,1166
78.719,1152
78.736,1157
78.748,1161
78.764,1166
78.781,1168
78.793,1151
78.809,1156
78.822,1162
78.838,1155
78.85,1156
78.867,1163
78.879,1164
78.895,1163
78.908,1166
78.924,1159
78.936,1165
78.953,1163
78.965,1155
78.981,1162
78.994,1156
79.01,1152
79.022,1151
79.039,1148
79.051,1138
79.067,1149
79.08,1147
79.096,1155
79.108,1159
79.125,1143
79.137,1159
79.154,1160
79.166,1152
79.182,1157
79.194,1161
79.211,1155
79.223,1160
79.24,1173
79.252,1170
79.268,1173
79.28,1176
79.297,1167
79.309,1173
79.325,1179
79.338,1172
79.354,1168
79.371,1174
79.383,1173
79.399,1176
79.412,1172
79.428,1165
79.44,1171
79.457,1166
79.469,1166
79.485,1160
79.497,1149
79.514,1163
79.526,1173
79.543,1159
79.555,1171
79.571,1161
79.584,1172
79.6,1166
79.612,1161
79.629,1168
79.641,1177
79.657,1172
79.669,1172
79.686,1164
79.698,1170
79.715,1169
79.727,1165
79.743,1168
79.756,1165
79.772,1182
79.788,1174
79.801,1174
79.817,1170
79.829,1171
79.846,1184
79.858,1190
79.874,1175
79.887,1185
79.903,1190
79.915,1182
79.932,1185
79.944,1180
79.96,1184
79.973,1178
79.989,1188
80.001,1183
80.018,1184
80.03,1180
80.046,1181
80.059,1180
80.075,1172
80.087,1186
80.104,1180
80.12,1169
80.132,1180
80.149,1185
80.162,1167
80.177,1162
80.19,1172
80.206,1173
80.218,1172
80.235,1171
80.247,1162
80.263,1159
80.276,1169
80.292,1170
80.304,1174
80.321,1174
80.333,1179
80.349,1181
80.362,1173
80.378,1177
80.39,1176
80.407,1180
80.419,1175
80.436,1184
80.448,1179
80.464,1179
80.481,1183
80.493,1180
80.509,1186
80.522,1181
80.538,1185
80.55,1179
80.567,1174
80.579,1185
80.595,1186
80.607,1183
80.624,1185
80.636,1187
80.653,1193
80.665,1190
80.681,1180
80.693,1193
80.71,1189
80.722,1180
80.739,1184
80.751,1191
80.767,1192
80.784,1191
80.796,1188
80.812,1190
80.825,1189
80.841,1189
80.853,1187
80.87,1194
80.882,1192
80.898,1186
80.911,1188
80.927,1182
80.939,1182
80.956,1180
80.968,1186
80.984,1176
80.997,1168
81.013,1158
81.025,1170
81.042,1171
81.054,1172
81.07,1176
81.087,1164
81.099,1171
81.115,1164
81.128,1155
81.144,1150
81.156,1160
81.173,1161
81.185,1154
81.201,1150
81.214,1155
81.23,1143
81.242,1160
81.259,1154
81.271,1159
81.287,1160
81.3,1164
81.316,1166
81.328,1165
81.345,1164
81.357,1153
81.373,1144
81.386,1147
81.402,1147
81.414,1138
81.431,1130
81.443,1134
81.459,1131
81.472,1123
81.488,1121
81.5,1120
81.517,1122
81.529,1131
81.546,1136
81.558,1131
81.574,1135
81.587,1133
81.603,1141
81.615,1143
81.632,1150
81.646,1144
81.66,1144
81.672,1144
81.689,1148
81.701,1148
81.718,1158
81.73,1147
81.746,1159
81.758,1151
81.775,1151
81.787,1147
81.803,1173
81.816,1164
81.832,1155
81.844,1154
81.861,1149
81.873,1160
81.89,1165
81.902,1161
81.918,1159
81.93,1141
81.947,1149
81.959,1153
81.975,1163
81.988,1151
82.004,1156
82.016,1153
82.033,1152
82.045,1154
82.062,1154
82.078,1153
82.09,1154
82.107,1158
82.119,1154
82.135,1152
82.148,1166
82.164,1162
82.176,1166
82.193,1162
82.205,1155
82.221,1170
82.234,1169
82.25,1152
82.262,1159
82.279,1153
82.291,1165
82.307,1162
82.32,1167
82.336,1173
82.348,1160
82.365,1180
82.377,1168
82.393,1170
82.406,1172
82.422,1169
82.434,1172
82.451,1171
82.463,1179
82.479,1176
82.492,1190
82.508,1171
82.52,1180
82.537,1175
82.553,1166
82.565,1182
82.582,1184
82.594,1178
82.61,1173
82.623,1177
82.639,1173
82.651,1175
82.668,1170
82.68,1176
82.696,1168
82.709,1162
82.725,1168
82.737,1178
82.754,1167
82.766,1175
82.782,1175
82.795,1178
82.811,1160
82.823,1165
82.84,1165
82.852,1173
82.868,1177
82.881,1179
82.897,1165
82.909,1164
82.926,1168
82.942,1171
82.954,1179
82.971,1177
82.983,1174
83.0,1176
83.012,1178
83.028,1187
83.04,1174
83.057,1176
83.069,1174
83.086,1172
83.098,1179
83.114,1167
83.126,1173
83.143,1182
83.155,1176
83.171,1179
83.184,1175
83.2,1175
83.212,1184
83.229,1177
83.241,1191
83.257,1178
83.274,1170
83.286,1166
83.303,1179
83.315,1163
83.331,1168
83.344,1181
83.36,1178
83.372,1171
83.389,1172
83.401,1172
83.417,1170
83.43,1166
83.446,1173
83.458,1179
83.475,1178
83.487,1179
83.503,1174
83.516,1183
83.532,1177
83.544,1181
83.561,1178
83.573,1172
83.589,1182
83.602,1187
83.618,1186
83.634,1173
83.647,1185
83.663,1181
83.675,1170
83.692,1181
83.704,1184
83.72,1184
83.733,1171
83.749,1184
83.761,1187
83.778,1178
83.79,1189
83.806,1176
83.819,1176
83.835,1182
83.847,1182
83.864,1186
83.876,1180
83.892,1173
83.905,1180
83.921,1170
83.933,1165
83.95,1176
83.966,1174
83.978,1176
83.995,1170
84.007,1174
84.023,1163
84.036,1167
84.052,1168
84.064,1176
84.081,1169
84.093,1161
84.109,1172
84.122,1163
84.138,1156
84.15,1170
84.167,1181
84.179,1165
84.195,1173
84.208,1169
84.224,1175
84.236,1171
84.253,1173
84.265,1180
84.281,1179
84.294,1185
84.31,1187
84.322,1178
84.339,1184
84.355,1177
84.367,1190
84.384,1176
84.396,1199
84.413,1177
84.425,1186
84.441,1173
84.453,1179
84.47,1175
84.482,1168
84.499,1181
84.511,1171
84.527,1174
84.54,1171
84.556,1178
84.572,1171
84.584,1156
84.597,1158
84.613,1147
84.625,1145
84.642,1145
84.654,1145
84.671,1151
84.683,1151
84.699,1153
84.711,1164
84.728,1157
84.74,1162
84.757,1168
84.769,1175
84.785,1182
84.802,1176
84.814,1177
84.83,1187
84.843,1176
84.859,1186
84.871,1194
84.888,1185
84.9,1196
84.916,1211
84.929,1217
84.945,1208
84.957,1226
84.974,1206
84.986,1213
85.002,1212
85.019,1205
85.031,1220
85.047,1211
85.06,1220
85.076,1215
85.088,1218
85.105,1220
85.117,1214
85.133,1215
85.146,1214
85.162,1219
85.174,1210
85.191,1212
85.207,1209
85.219,1210
85.236,1216
85.248,1226
85.265,1217
85.277,1244
85.293,1216
85.305,1217
85.322,1226
85.334,1221
85.35,1216
85.363,1217
85.379,1228
85.395,1234
85.408,1208
85.424,1205
85.436,1200
85.453,1208
85.465,1196
85.481,1191
85.494,1191
85.51,1179
85.522,1175
85.539,1171
85.551,1185
85.568,1173
85.58,1175
85.596,1179
85.608,1174
85.625,1185
85.641,1168
85.654,1169
85.67,1157
85.682,1182
85.699,1167
85.711,1172
85.727,1167
85.74,1169
85.756,1163
85.768,1172
85.785,1171
85.797,1172
85.813,1173
85.826,1178
85.842,1162
85.854,1165
85.871,1151
85.883,1176
85.899,1159
85.912,1167
85.928,1163
85.94,1161
85.957,1159
85.969,1161
85.985,1161
85.998,1155
86.014,1159
86.026,1163
86.043,1169
86.055,1165
86.071,1172
86.088,1170
86.1,1152
86.116,1153
86.129,1147
86.145,1155
86.157,1149
86.174,1147
86.186,1163
86.202,1157
86.215,1151
86.231,1153
86.243,1150
86.26,1149
86.272,1152
86.288,1152
86.301,1150
86.317,1155
86.329,1151
86.346,1157
86.358,1164
86.374,1170
86.387,1164
86.403,1164
86.415,1186
86.432,1173
86.444,1181
86.46,1182
86.473,1182
86.489,1189
86.501,1179
86.518,1181
86.53,1167
86.546,1170
86.559,1173
86.575,1165
86.587,1157
86.604,1150
86.616,1141
86.632,1138
86.645,1135
86.661,1140
86.673,1134
86.69,1122
86.702,1131
86.719,1118
86.731,1118
86.747,1122
86.759,1111
86.776,1117
86.788,1121
86.804,1121
86.817,1114
86.833,1116
86.845,1110
86.862,1123
86.874,1123
86.89,1128
86.903,1129
86.919,1134
86.931,1139
86.948,1130
86.96,1138
86.976,1128
86.989,1135
87.005,1139
87.017,1146
87.034,1154
87.046,1141
87.063,1156
87.075,1146
87.091,1138
87.103,1133
87.12,1143
87.132,1144
87.149,1144
87.161,1143
87.177,1155
87.189,1135
87.206,1139
87.218,1123
87.234,1127
87.247,1125
87.263,1138
87.275,1136
87.292,1131
87.304,1136
87.321,1131
87.333,1121
87.349,1124
87.361,1107
87.378,1109
87.39,1115
87.407,1116
87.419,1122
87.435,1116
87.447,1119
87.464,1137
87.476,1141
87.493,1140
87.505,1151
87.521,1166
87.534,1179
87.55,1161
87.562,1173
87.579,1156
87.591,1151
87.607,1163
87.619,1174
87.636,1175
87.652,1179
87.665,1171
87.681,1169
87.693,1165
87.71,1158
87.722,1176
87.738,1170
87.751,1169
87.767,1179
87.779,1160
87.796,1137
87.808,1141
87.824,1146
87.837,1140
87.853,1134
87.865,1129
87.882,1128
87.894,1121
87.91,1119
87.923,1135
87.939,1121
87.951,1139
87.968,1147
87.98,1142
87.996,1151
88.009,1174
88.025,1166
88.037,1165
88.054,1165
88.066,1165
88.082,1156
88.095,1181
88.111,1178
88.123,1181
88.14,1190
88.152,1185
88.168,1201
88.181,1198
88.197,1187
88.209,1184
88.226,1186
88.242,1199
88.254,1199
88.271,1192
88.283,1181
88.299,1199
88.312,1187
88.328,1191
88.34,1177
88.357,1211
88.369,1196
88.385,1203
88.398,1202
88.414,1211
88.426,1201
88.443,1191
88.459,1210
88.471,1208
88.488,1200
88.5,1206
88.517,1200
88.529,1216
88.545,1196
88.557,1206
88.574,1186
88.591,1206
88.602,1198
88.615,1190
88.631,1206
88.643,1208
88.66,1207
88.676,1219
88.689,1199
